pixel_size,image_path,orientation,MTF_Y_ 1,MTF_Y_ 2,MTF_Y_ 3,MTF_Y_ 4,MTF_Y_ 5,MTF_Y_ 6,MTF_Y_ 7,MTF_Y_ 8,MTF_Y_ 9,MTF_Y_10,MTF_Y_11,MTF_Y_12,MTF_Y_13,MTF_Y_14,MTF_Y_15,MTF_Y_16,MTF_Y_17,MTF_Y_18,MTF_Y_19,MTF_Y_20,MTF_Y_21,MTF_Y_22,MTF_Y_23,MTF_Y_24,MTF_Y_25,MTF_Y_26,MTF_Y_27,MTF_Y_28,MTF_Y_29,MTF_Y_30,MTF_Y_31,MTF_Y_32,MTF_Y_33,MTF_Y_34,MTF_Y_35,MTF_Y_36
3.45,R:\Optics Share\Israel\PetachTekva_PRoj\output_directory\80cm_Tamron_6mm_YB 23_82_MTF.bmp,V,1,0.9717,0.9189,0.8586,0.7889,0.7191,0.6435,0.5636,0.4778,0.3966,0.3349,0.2761,0.2164,0.1664,0.1224,0.082,0.0449,0.0193,0.0171,0.0274,0.038,0.0525,0.0662,0.0712,0.076,0.0753,0.0725,0.0803,0.0762,0.0684,0.0612,0.0531,0.0483,0.0578,0.0752,0.0758
3.45,R:\Optics Share\Israel\PetachTekva_PRoj\output_directory\80cm_Tamron_6mm_YB 2_69_MTF.bmp,V,1,0.9719,0.9231,0.8713,0.8083,0.73,0.653,0.5756,0.5008,0.4276,0.3601,0.3022,0.2422,0.1835,0.1259,0.0793,0.0411,0.0147,0.0089,0.0249,0.0436,0.0588,0.0711,0.0762,0.0782,0.0771,0.0712,0.0669,0.0649,0.0577,0.0437,0.0387,0.0584,0.0852,0.104,0.1126
3.45,R:\Optics Share\Israel\PetachTekva_PRoj\output_directory\80cm_Tamron_6mm_YB 30_45_MTF.bmp,H,1,0.9787,0.9338,0.8722,0.8005,0.7147,0.6376,0.5675,0.4881,0.4045,0.3197,0.2517,0.1919,0.1494,0.1139,0.0852,0.0562,0.031,0.0181,0.0274,0.0377,0.0417,0.0482,0.0561,0.0545,0.0525,0.0552,0.0495,0.0499,0.0539,0.0513,0.0402,0.0245,0.0421,0.0715,0.0838
3.45,R:\Optics Share\Israel\PetachTekva_PRoj\output_directory\80cm_Tamron_6mm_YB 30_46_MTF.bmp,H,1,0.9792,0.9394,0.8807,0.8184,0.7404,0.6593,0.5793,0.5044,0.436,0.3597,0.2887,0.2254,0.1769,0.128,0.0895,0.0506,0.021,0.0089,0.0225,0.0341,0.0549,0.075,0.0938,0.1027,0.1035,0.0974,0.094,0.0847,0.0666,0.0604,0.0689,0.0737,0.071,0.0595,0.0468
3.45,R:\Optics Share\Israel\PetachTekva_PRoj\output_directory\80cm_Tamron_6mm_YBL 16_35_MTF.bmp,H,1,0.9787,0.9268,0.8645,0.7956,0.7307,0.6604,0.5788,0.4929,0.4103,0.3356,0.2715,0.2193,0.1775,0.132,0.0846,0.0436,0.0128,0.011,0.0217,0.03,0.0389,0.0488,0.0583,0.0611,0.059,0.0613,0.066,0.0638,0.0606,0.0518,0.0342,0.0267,0.0392,0.042,0.0179
3.45,R:\Optics Share\Israel\PetachTekva_PRoj\output_directory\80cm_Tamron_6mm_YBL 17_73_MTF.bmp,V,1,0.9768,0.9212,0.8539,0.7813,0.7034,0.6327,0.5447,0.4629,0.4001,0.3404,0.2874,0.2378,0.1883,0.1396,0.0954,0.0558,0.0242,0.0212,0.0376,0.0489,0.0545,0.0605,0.0552,0.045,0.0497,0.068,0.0956,0.1203,0.1476,0.1759,0.2027,0.2141,0.1943,0.1588,0.1211
3.45,R:\Optics Share\Israel\PetachTekva_PRoj\output_directory\80cm_Tamron_6mm_YBL 27_81_MTF.bmp,V,1,0.9755,0.9236,0.8605,0.7874,0.7134,0.6318,0.5528,0.4865,0.4161,0.3442,0.2766,0.2206,0.1697,0.1258,0.0872,0.0492,0.0159,0.0144,0.0268,0.0317,0.039,0.0574,0.0777,0.0938,0.0993,0.0927,0.0707,0.0442,0.0416,0.0476,0.054,0.0561,0.0524,0.0441,0.0398
3.45,R:\Optics Share\Israel\PetachTekva_PRoj\output_directory\80cm_Tamron_6mm_YBL 28_34_MTF.bmp,H,1,0.9751,0.9271,0.8543,0.7741,0.6866,0.6008,0.5203,0.4371,0.3601,0.2962,0.2431,0.1864,0.1447,0.1029,0.0695,0.0372,0.02,0.0074,0.0019,0.0173,0.0306,0.041,0.036,0.0247,0.0166,0.029,0.0509,0.0693,0.0652,0.0402,0.0186,0.047,0.0626,0.0446,0.0372
3.45,R:\Optics Share\Israel\PetachTekva_PRoj\output_directory\80cm_Tamron_6mm_YBL 37_44_MTF.bmp,H,1,0.9753,0.9277,0.8606,0.7791,0.6916,0.5932,0.4968,0.4037,0.329,0.2627,0.208,0.1558,0.1157,0.081,0.0567,0.0325,0.0144,0.0058,0.0111,0.0136,0.0111,0.0212,0.0429,0.0641,0.0746,0.0772,0.0759,0.0742,0.0595,0.0316,0.0148,0.0343,0.0324,0.0138,0.0313
3.45,R:\Optics Share\Israel\PetachTekva_PRoj\output_directory\80cm_Tamron_6mm_YBL 38_80_MTF.bmp,V,1,0.976,0.9277,0.8697,0.7916,0.7078,0.6312,0.5398,0.4523,0.3853,0.3219,0.2619,0.2039,0.1573,0.1169,0.0843,0.0499,0.0161,0.0135,0.03,0.0361,0.0371,0.0446,0.0607,0.0777,0.0823,0.082,0.0715,0.0509,0.0233,0.0155,0.0295,0.0231,0.01,0.0304,0.0504
3.45,R:\Optics Share\Israel\PetachTekva_PRoj\output_directory\80cm_Tamron_6mm_YBL 48_41_MTF.bmp,H,1,0.9616,0.8972,0.819,0.7442,0.6558,0.5616,0.4689,0.3692,0.2812,0.2148,0.1603,0.113,0.0751,0.0508,0.0395,0.0317,0.0215,0.0146,0.024,0.0309,0.0286,0.021,0.0228,0.0187,0.0158,0.0212,0.0312,0.0504,0.0747,0.091,0.0928,0.0816,0.0617,0.0358,0.0243
3.45,R:\Optics Share\Israel\PetachTekva_PRoj\output_directory\80cm_Tamron_6mm_YBL 50_79_MTF.bmp,V,1,0.9773,0.9212,0.837,0.7558,0.6899,0.598,0.4948,0.4125,0.3385,0.2747,0.2179,0.1676,0.1258,0.0927,0.0651,0.0408,0.0283,0.0297,0.0325,0.0338,0.0385,0.0367,0.0228,0.015,0.0203,0.0333,0.0548,0.0665,0.0669,0.0615,0.0521,0.0475,0.0419,0.0429,0.0361
3.45,R:\Optics Share\Israel\PetachTekva_PRoj\output_directory\80cm_Tamron_6mm_YBL 60_43_MTF.bmp,H,1,0.9702,0.8972,0.8037,0.6977,0.5837,0.4851,0.3824,0.2935,0.2253,0.1645,0.1191,0.081,0.0504,0.0271,0.0162,0.0154,0.0129,0.006,0.0048,0.0102,0.0226,0.0262,0.0186,0.0209,0.0265,0.0372,0.0731,0.0965,0.0944,0.0601,0.0149,0.0236,0.0505,0.0684,0.0747
3.45,R:\Optics Share\Israel\PetachTekva_PRoj\output_directory\80cm_Tamron_6mm_YBL 68_42_MTF.bmp,H,1,0.9673,0.8913,0.7987,0.6917,0.572,0.4513,0.3373,0.2435,0.1707,0.1154,0.0617,0.0257,0.0242,0.0337,0.0354,0.0215,0.0063,0.0066,0.017,0.0218,0.0279,0.036,0.0336,0.0377,0.0352,0.0115,0.0425,0.0492,0.0203,0.0261,0.0438,0.0351,0.0417,0.0368,0.0264
3.45,R:\Optics Share\Israel\PetachTekva_PRoj\output_directory\80cm_Tamron_6mm_YBR 16_36_MTF.bmp,H,1,0.9799,0.9363,0.884,0.8138,0.734,0.6578,0.5834,0.51,0.4401,0.3665,0.2977,0.2304,0.17,0.1223,0.0842,0.0503,0.0195,0.0084,0.0305,0.0429,0.0396,0.0403,0.0505,0.0606,0.0668,0.0738,0.0748,0.0704,0.0627,0.0504,0.032,0.0196,0.0224,0.0379,0.0702
3.45,R:\Optics Share\Israel\PetachTekva_PRoj\output_directory\80cm_Tamron_6mm_YBR 17_74_MTF.bmp,V,1,0.977,0.9204,0.8606,0.7927,0.7252,0.6597,0.5695,0.4797,0.406,0.3343,0.2739,0.2204,0.1664,0.1183,0.0764,0.0456,0.0243,0.014,0.0115,0.0239,0.0423,0.0581,0.0691,0.0788,0.0769,0.0774,0.0854,0.0979,0.1065,0.1052,0.0946,0.0712,0.0459,0.0523,0.0752
3.45,R:\Optics Share\Israel\PetachTekva_PRoj\output_directory\80cm_Tamron_6mm_YBR 28_37_MTF.bmp,H,1,0.9778,0.9327,0.8784,0.8193,0.7414,0.6569,0.567,0.4803,0.409,0.3451,0.2807,0.2276,0.1744,0.1246,0.081,0.0496,0.0254,0.0088,0.0102,0.0282,0.0448,0.0505,0.0612,0.0649,0.0681,0.0833,0.0881,0.0825,0.068,0.0475,0.031,0.0242,0.035,0.0486,0.0549
3.45,R:\Optics Share\Israel\PetachTekva_PRoj\output_directory\80cm_Tamron_6mm_YBR 28_83_MTF.bmp,V,1,0.9723,0.9193,0.8623,0.7889,0.7094,0.6265,0.5508,0.4858,0.4131,0.3433,0.2822,0.2282,0.1829,0.1406,0.1019,0.0625,0.0261,0.0166,0.0379,0.046,0.0491,0.052,0.0589,0.0754,0.083,0.0807,0.0645,0.0281,0.0158,0.0406,0.0592,0.0895,0.1294,0.1531,0.1355
3.45,R:\Optics Share\Israel\PetachTekva_PRoj\output_directory\80cm_Tamron_6mm_YBR 38_47_MTF.bmp,H,1,0.976,0.9274,0.8698,0.8099,0.7387,0.6491,0.5722,0.5007,0.4235,0.3502,0.2829,0.2152,0.1554,0.1077,0.0722,0.0426,0.0191,0.0093,0.0261,0.0417,0.0496,0.0526,0.0547,0.0598,0.0606,0.0616,0.0691,0.0647,0.0445,0.0216,0.0063,0.0243,0.0309,0.0247,0.0097
3.45,R:\Optics Share\Israel\PetachTekva_PRoj\output_directory\80cm_Tamron_6mm_YBR 38_84_MTF.bmp,V,1,0.9812,0.937,0.8817,0.8058,0.7311,0.6607,0.5754,0.4911,0.4201,0.3439,0.2767,0.2182,0.1674,0.1251,0.087,0.0552,0.0291,0.0163,0.0203,0.0244,0.0276,0.0338,0.0471,0.0711,0.0903,0.0942,0.0909,0.0866,0.0725,0.058,0.053,0.0463,0.0423,0.0681,0.1079
3.45,R:\Optics Share\Israel\PetachTekva_PRoj\output_directory\80cm_Tamron_6mm_YBR 49_48_MTF.bmp,H,1,0.9828,0.9394,0.8809,0.8029,0.7153,0.6202,0.5213,0.4474,0.388,0.3113,0.2376,0.1793,0.1301,0.0919,0.0604,0.032,0.0125,0.0154,0.0212,0.0219,0.0176,0.0241,0.0368,0.044,0.0374,0.0327,0.0301,0.0296,0.0373,0.0448,0.0547,0.0721,0.1005,0.1103,0.0894
3.45,R:\Optics Share\Israel\PetachTekva_PRoj\output_directory\80cm_Tamron_6mm_YBR 51_85_MTF.bmp,V,1,0.9765,0.9243,0.8745,0.81,0.734,0.6509,0.5723,0.5042,0.4272,0.3522,0.2841,0.2228,0.1669,0.1227,0.0861,0.055,0.0255,0.0134,0.0285,0.0357,0.0344,0.0356,0.044,0.0492,0.0646,0.0689,0.0535,0.0307,0.0525,0.0833,0.0801,0.0401,0.0214,0.0603,0.0628
3.45,R:\Optics Share\Israel\PetachTekva_PRoj\output_directory\80cm_Tamron_6mm_YBR 62_49_MTF.bmp,H,1,0.9794,0.924,0.8481,0.7686,0.694,0.6165,0.5369,0.445,0.3566,0.2836,0.2178,0.1644,0.1205,0.0887,0.0643,0.0442,0.0262,0.0073,0.0096,0.0216,0.0248,0.022,0.0164,0.0168,0.027,0.0297,0.0437,0.0596,0.0599,0.0595,0.0674,0.0786,0.0922,0.0996,0.1012
3.45,R:\Optics Share\Israel\PetachTekva_PRoj\output_directory\80cm_Tamron_6mm_YBR 70_50_MTF.bmp,H,1,0.976,0.9328,0.8643,0.7762,0.6743,0.5863,0.5029,0.4218,0.3461,0.2702,0.2102,0.1596,0.1264,0.0941,0.0731,0.045,0.0224,0.0054,0.0191,0.0327,0.0377,0.0365,0.0333,0.041,0.0471,0.0528,0.0538,0.0546,0.0539,0.0516,0.0515,0.0444,0.0348,0.0257,0.0315
3.45,R:\Optics Share\Israel\PetachTekva_PRoj\output_directory\80cm_Tamron_6mm_YL 11_25_MTF.bmp,H,1,0.9824,0.9321,0.8712,0.8041,0.7405,0.6718,0.5885,0.5083,0.435,0.3588,0.291,0.2346,0.175,0.1239,0.0797,0.0424,0.0126,0.0093,0.0271,0.0444,0.061,0.0775,0.0899,0.0921,0.0919,0.0938,0.094,0.0911,0.0807,0.07,0.061,0.0524,0.0343,0.0076,0.0332
3.45,R:\Optics Share\Israel\PetachTekva_PRoj\output_directory\80cm_Tamron_6mm_YL 25_24_MTF.bmp,H,1,0.98,0.9225,0.8595,0.7813,0.7042,0.6199,0.5298,0.4422,0.3635,0.2958,0.2329,0.187,0.1437,0.1083,0.0702,0.0409,0.0171,0.0101,0.0204,0.0267,0.0337,0.0375,0.04,0.0387,0.0342,0.0309,0.0527,0.0795,0.1052,0.1341,0.1367,0.1083,0.0657,0.0305,0.0247
3.45,R:\Optics Share\Israel\PetachTekva_PRoj\output_directory\80cm_Tamron_6mm_YL 31_72_MTF.bmp,V,1,0.9741,0.9148,0.8466,0.7787,0.7104,0.6439,0.56,0.4734,0.4033,0.3297,0.2677,0.2177,0.1671,0.1195,0.0791,0.0469,0.023,0.0117,0.0309,0.0504,0.0611,0.0676,0.0693,0.0645,0.0599,0.0629,0.0666,0.0592,0.0441,0.0295,0.0142,0.0288,0.0617,0.0806,0.075
3.45,R:\Optics Share\Israel\PetachTekva_PRoj\output_directory\80cm_Tamron_6mm_YL 40_21_MTF.bmp,H,1,0.9742,0.9206,0.8554,0.7691,0.6759,0.5775,0.4758,0.3965,0.3301,0.2605,0.194,0.1316,0.0863,0.0567,0.0394,0.0267,0.0141,0.0032,0.0089,0.0096,0.0044,0.0112,0.0125,0.0084,0.0089,0.0287,0.0398,0.053,0.0675,0.0663,0.0495,0.0277,0.0176,0.0371,0.0806
3.45,R:\Optics Share\Israel\PetachTekva_PRoj\output_directory\80cm_Tamron_6mm_YL 42_31_MTF.bmp,H,1,0.9776,0.9199,0.8469,0.762,0.6665,0.5574,0.4617,0.3794,0.3077,0.237,0.1771,0.13,0.0932,0.0672,0.0471,0.0331,0.0174,0.0065,0.0054,0.0146,0.0227,0.0247,0.0163,0.0173,0.0355,0.0612,0.0705,0.0663,0.0613,0.0534,0.0419,0.0299,0.0186,0.0308,0.0412
3.45,R:\Optics Share\Israel\PetachTekva_PRoj\output_directory\80cm_Tamron_6mm_YL 45_71_MTF.bmp,V,1,0.9733,0.9184,0.8581,0.7791,0.6976,0.6178,0.5366,0.4474,0.3648,0.3036,0.2444,0.1858,0.1365,0.0971,0.0645,0.0397,0.0174,0.0069,0.0173,0.0282,0.0364,0.0403,0.0542,0.0745,0.0879,0.0853,0.074,0.0567,0.036,0.0172,0.0021,0.0067,0.0128,0.0373,0.0691
3.45,R:\Optics Share\Israel\PetachTekva_PRoj\output_directory\80cm_Tamron_6mm_YL 46_61_MTF.bmp,V,1,0.9774,0.9195,0.8583,0.7794,0.6994,0.6114,0.5259,0.4513,0.3645,0.2888,0.2284,0.1819,0.1346,0.0983,0.064,0.0356,0.0097,0.0093,0.0215,0.0254,0.0284,0.0319,0.0387,0.0362,0.0285,0.0265,0.0287,0.0336,0.0423,0.0445,0.0473,0.0578,0.0623,0.0603,0.0724
3.45,R:\Optics Share\Israel\PetachTekva_PRoj\output_directory\80cm_Tamron_6mm_YL 54_23_MTF.bmp,H,1,0.9763,0.9126,0.8312,0.7408,0.6325,0.5217,0.4251,0.341,0.2608,0.1846,0.1254,0.0932,0.0642,0.0503,0.0344,0.0236,0.0115,0.013,0.0141,0.0192,0.0222,0.0154,0.005,0.028,0.046,0.0483,0.0169,0.0433,0.089,0.1114,0.0987,0.0598,0.0255,0.03,0.0438
3.45,R:\Optics Share\Israel\PetachTekva_PRoj\output_directory\80cm_Tamron_6mm_YL 55_33_MTF.bmp,H,1,0.9696,0.8991,0.8142,0.7248,0.6191,0.5201,0.4306,0.3443,0.2654,0.1922,0.137,0.0995,0.0681,0.0414,0.0223,0.0083,0.0088,0.0121,0.0057,0.0099,0.0181,0.0144,0.0013,0.0118,0.0227,0.0408,0.0471,0.0445,0.0374,0.038,0.0687,0.1066,0.1178,0.1048,0.0973
3.45,R:\Optics Share\Israel\PetachTekva_PRoj\output_directory\80cm_Tamron_6mm_YL 57_13_MTF.bmp,H,1,0.9653,0.9008,0.8154,0.7212,0.6184,0.5231,0.423,0.3262,0.243,0.1763,0.1358,0.1069,0.0855,0.0604,0.0415,0.02,0.0056,0.003,0.0029,0.0141,0.0201,0.022,0.0243,0.0278,0.0272,0.0214,0.0204,0.0194,0.0178,0.0195,0.0273,0.0372,0.0517,0.0546,0.0457
3.45,R:\Optics Share\Israel\PetachTekva_PRoj\output_directory\80cm_Tamron_6mm_YL 59_70_MTF.bmp,V,1,0.972,0.9084,0.8173,0.7289,0.6517,0.5598,0.4669,0.3867,0.3065,0.2265,0.172,0.1358,0.1049,0.0744,0.0489,0.0248,0.011,0.0052,0.0117,0.018,0.0261,0.0327,0.0256,0.0051,0.0363,0.0498,0.0521,0.0461,0.0329,0.0188,0.0412,0.0736,0.0868,0.0749,0.0728
3.45,R:\Optics Share\Israel\PetachTekva_PRoj\output_directory\80cm_Tamron_6mm_YL 60_60_MTF.bmp,V,1,0.9726,0.9197,0.851,0.7664,0.6696,0.5788,0.4904,0.4003,0.3137,0.2478,0.1986,0.1496,0.107,0.0717,0.0469,0.0238,0.0106,0.005,0.007,0.0187,0.0343,0.048,0.0505,0.0493,0.0329,0.0096,0.0362,0.044,0.0441,0.0605,0.0801,0.077,0.0621,0.0594,0.0559
3.45,R:\Optics Share\Israel\PetachTekva_PRoj\output_directory\80cm_Tamron_6mm_YL 62_78_MTF.bmp,V,1,0.9739,0.9089,0.8299,0.7396,0.6442,0.5599,0.4642,0.3748,0.2978,0.2356,0.1812,0.1397,0.1006,0.0737,0.0495,0.0314,0.0091,0.0091,0.0191,0.0158,0.0077,0.0143,0.0266,0.0334,0.0315,0.0214,0.0099,0.023,0.032,0.0386,0.0635,0.0937,0.113,0.1201,0.1141
3.45,R:\Optics Share\Israel\PetachTekva_PRoj\output_directory\80cm_Tamron_6mm_YL 63_22_MTF.bmp,H,1,0.9698,0.8945,0.7971,0.6911,0.5798,0.4775,0.3845,0.2859,0.2057,0.1605,0.122,0.0794,0.0494,0.0288,0.0202,0.0146,0.0075,0.0073,0.0189,0.0185,0.0111,0.0206,0.0348,0.0395,0.0435,0.0509,0.0627,0.0678,0.0474,0.0259,0.0576,0.055,0.0491,0.0977,0.1194
3.45,R:\Optics Share\Israel\PetachTekva_PRoj\output_directory\80cm_Tamron_6mm_YL 64_32_MTF.bmp,H,1,0.9737,0.9035,0.8007,0.6789,0.5702,0.472,0.3647,0.2695,0.2129,0.1664,0.123,0.0842,0.0551,0.0317,0.0123,0.0018,0.0055,0.0088,0.0131,0.0131,0.0207,0.0236,0.0193,0.013,0.0157,0.0244,0.0312,0.0399,0.0297,0.0097,0.0139,0.0112,0.0128,0.0124,0.0306
3.45,R:\Optics Share\Israel\PetachTekva_PRoj\output_directory\80cm_Tamron_6mm_YL 65_12_MTF.bmp,H,1,0.9726,0.8975,0.7966,0.6905,0.5796,0.4702,0.3778,0.2901,0.21,0.1437,0.0898,0.0586,0.0453,0.0381,0.0314,0.0219,0.0053,0.0093,0.0132,0.0075,0.0187,0.0318,0.0363,0.0223,0.016,0.0387,0.0596,0.0554,0.0371,0.0416,0.0464,0.036,0.0477,0.0627,0.0606
3.45,R:\Optics Share\Israel\PetachTekva_PRoj\output_directory\80cm_Tamron_6mm_YR 11_26_MTF.bmp,H,1,0.9798,0.9305,0.867,0.8029,0.7305,0.6548,0.5831,0.5142,0.4467,0.3742,0.3086,0.2475,0.1896,0.137,0.0901,0.0478,0.0163,0.0107,0.0338,0.0538,0.0653,0.0704,0.0692,0.0657,0.0568,0.0438,0.0632,0.0885,0.098,0.0944,0.0916,0.0874,0.0751,0.0471,0.044
3.45,R:\Optics Share\Israel\PetachTekva_PRoj\output_directory\80cm_Tamron_6mm_YR 26_27_MTF.bmp,H,1,0.9831,0.9412,0.8811,0.8033,0.728,0.648,0.5602,0.4854,0.419,0.3417,0.2719,0.2124,0.1621,0.1239,0.0891,0.0548,0.0211,0.0206,0.0414,0.0477,0.0483,0.0427,0.0438,0.0446,0.0465,0.0457,0.0416,0.0396,0.0417,0.0454,0.0452,0.0354,0.0255,0.0277,0.0389
3.45,R:\Optics Share\Israel\PetachTekva_PRoj\output_directory\80cm_Tamron_6mm_YR 31_75_MTF.bmp,V,1,0.9784,0.9312,0.8745,0.8008,0.7235,0.6419,0.576,0.5102,0.4424,0.3756,0.3065,0.2377,0.1709,0.1217,0.0868,0.0568,0.0291,0.018,0.0344,0.0441,0.0452,0.0431,0.0365,0.036,0.0366,0.0356,0.0237,0.0034,0.0307,0.0605,0.0854,0.099,0.0957,0.0705,0.028
3.45,R:\Optics Share\Israel\PetachTekva_PRoj\output_directory\80cm_Tamron_6mm_YR 41_28_MTF.bmp,H,1,0.9854,0.9396,0.8728,0.7972,0.7096,0.6189,0.5421,0.4778,0.3967,0.3101,0.2335,0.1734,0.1263,0.0904,0.0651,0.045,0.0289,0.0189,0.0219,0.0267,0.0314,0.034,0.0369,0.0373,0.0309,0.0197,0.0188,0.0251,0.0214,0.0267,0.0703,0.1202,0.1504,0.1599,0.1488
3.45,R:\Optics Share\Israel\PetachTekva_PRoj\output_directory\80cm_Tamron_6mm_YR 42_38_MTF.bmp,H,1,0.9789,0.9335,0.8751,0.7962,0.7117,0.6173,0.5291,0.4552,0.3865,0.309,0.2431,0.188,0.1469,0.1139,0.0811,0.0506,0.0239,0.0105,0.0066,0.0061,0.0201,0.0431,0.0729,0.0897,0.082,0.0764,0.0753,0.0725,0.072,0.0843,0.1104,0.1426,0.1759,0.1928,0.1709
3.45,R:\Optics Share\Israel\PetachTekva_PRoj\output_directory\80cm_Tamron_6mm_YR 46_76_MTF.bmp,V,1,0.9771,0.9221,0.864,0.7993,0.7287,0.6637,0.5864,0.4955,0.415,0.3489,0.2798,0.2255,0.1813,0.1372,0.0945,0.0549,0.0216,0.0222,0.0385,0.0468,0.0509,0.0565,0.066,0.0671,0.0644,0.0664,0.0673,0.0603,0.0497,0.0325,0.0195,0.0266,0.0404,0.0572,0.0652
3.45,R:\Optics Share\Israel\PetachTekva_PRoj\output_directory\80cm_Tamron_6mm_YR 47_66_MTF.bmp,V,1,0.9747,0.9206,0.8617,0.7917,0.7222,0.6605,0.5904,0.5071,0.4285,0.3565,0.2891,0.2307,0.1759,0.1241,0.078,0.0443,0.0222,0.0132,0.0183,0.0367,0.0628,0.0861,0.1029,0.1122,0.1075,0.1094,0.1068,0.0996,0.0903,0.081,0.0649,0.0497,0.049,0.0601,0.0548
3.45,R:\Optics Share\Israel\PetachTekva_PRoj\output_directory\80cm_Tamron_6mm_YR 55_29_MTF.bmp,H,1,0.9713,0.9141,0.8497,0.7653,0.6767,0.5848,0.4951,0.4145,0.3335,0.255,0.2005,0.1503,0.105,0.0718,0.0446,0.0238,0.0096,0.0031,0.0056,0.0112,0.016,0.0193,0.0281,0.0484,0.0712,0.0793,0.0676,0.0478,0.0407,0.0377,0.0251,0.0502,0.0889,0.1023,0.1017
3.45,R:\Optics Share\Israel\PetachTekva_PRoj\output_directory\80cm_Tamron_6mm_YR 57_39_MTF.bmp,H,1,0.9775,0.9186,0.8545,0.7844,0.6986,0.6055,0.5092,0.4184,0.3372,0.2621,0.205,0.158,0.1126,0.0771,0.049,0.0297,0.0175,0.0049,0.0095,0.0213,0.0373,0.0506,0.06,0.0583,0.0664,0.078,0.069,0.0364,0.0207,0.0334,0.0381,0.0439,0.0636,0.0719,0.0451
3.45,R:\Optics Share\Israel\PetachTekva_PRoj\output_directory\80cm_Tamron_6mm_YR 58_19_MTF.bmp,H,1,0.9763,0.9202,0.8549,0.7711,0.686,0.5991,0.5065,0.4175,0.3305,0.2551,0.1966,0.1463,0.1034,0.0711,0.0437,0.024,0.0095,0.0027,0.0044,0.0066,0.013,0.0179,0.0054,0.0134,0.0299,0.0418,0.0471,0.0387,0.0377,0.0572,0.0758,0.0774,0.0708,0.0636,0.0455
3.45,R:\Optics Share\Israel\PetachTekva_PRoj\output_directory\80cm_Tamron_6mm_YR 60_77_MTF.bmp,V,1,0.9789,0.937,0.8902,0.8196,0.7419,0.6655,0.5802,0.5099,0.4504,0.3925,0.3187,0.2445,0.177,0.1252,0.087,0.0553,0.0257,0.0069,0.0376,0.0598,0.0645,0.0623,0.0547,0.0493,0.0649,0.0797,0.0899,0.0915,0.0709,0.045,0.0484,0.0635,0.0906,0.1149,0.1347
3.45,R:\Optics Share\Israel\PetachTekva_PRoj\output_directory\80cm_Tamron_6mm_YR 61_67_MTF.bmp,V,1,0.9733,0.9191,0.861,0.7961,0.7301,0.6594,0.584,0.5058,0.4339,0.3614,0.2904,0.2284,0.1726,0.1241,0.0819,0.0514,0.0319,0.0245,0.0274,0.0364,0.0499,0.0574,0.0572,0.0546,0.0476,0.0474,0.0421,0.0329,0.0376,0.0527,0.069,0.0735,0.0583,0.0234,0.0279
3.45,R:\Optics Share\Israel\PetachTekva_PRoj\output_directory\80cm_Tamron_6mm_YR 64_86_MTF.bmp,V,1,0.9805,0.9328,0.879,0.8064,0.7319,0.643,0.5636,0.4858,0.4105,0.3391,0.2776,0.2177,0.1693,0.1253,0.0865,0.0489,0.0156,0.0123,0.0268,0.0349,0.0373,0.0491,0.0711,0.0844,0.0859,0.0771,0.0635,0.0483,0.0403,0.0393,0.0448,0.0535,0.0656,0.0723,0.0794
3.45,R:\Optics Share\Israel\PetachTekva_PRoj\output_directory\80cm_Tamron_6mm_YR 65_30_MTF.bmp,H,1,0.9776,0.9251,0.8481,0.7607,0.6766,0.5951,0.5008,0.4113,0.3267,0.2577,0.2007,0.1477,0.1101,0.075,0.0464,0.0207,0.0077,0.0039,0.0122,0.0288,0.0443,0.0576,0.0536,0.0408,0.0227,0.0313,0.0573,0.065,0.0446,0.0304,0.0557,0.0838,0.1018,0.1283,0.132
3.45,R:\Optics Share\Israel\PetachTekva_PRoj\output_directory\80cm_Tamron_6mm_YR 66_40_MTF.bmp,H,1,0.9767,0.9197,0.8421,0.7651,0.6777,0.5792,0.4814,0.3908,0.3164,0.2588,0.206,0.157,0.1108,0.0766,0.0491,0.0365,0.0265,0.0148,0.007,0.0264,0.0337,0.0317,0.0398,0.0436,0.0372,0.0188,0.0117,0.0245,0.0254,0.0136,0.0158,0.0245,0.0181,0.025,0.0566
3.45,R:\Optics Share\Israel\PetachTekva_PRoj\output_directory\80cm_Tamron_6mm_YR 67_20_MTF.bmp,H,1,0.9782,0.9252,0.8509,0.773,0.6915,0.5875,0.4927,0.4092,0.3251,0.2554,0.2014,0.1523,0.1022,0.0625,0.0388,0.0284,0.0179,0.0143,0.0152,0.0088,0.0113,0.008,0.0175,0.0294,0.0334,0.0259,0.0203,0.0216,0.0204,0.0029,0.0311,0.0501,0.0588,0.0761,0.0804
3.45,R:\Optics Share\Israel\PetachTekva_PRoj\output_directory\80cm_Tamron_6mm_YT 28_55_MTF.bmp,V,1,0.9806,0.926,0.862,0.7862,0.7077,0.6257,0.5469,0.4744,0.4038,0.3332,0.267,0.2103,0.1557,0.1092,0.0667,0.0328,0.0058,0.0128,0.0224,0.0274,0.0379,0.0533,0.0687,0.0882,0.1022,0.0887,0.0654,0.0561,0.0523,0.0472,0.0352,0.0328,0.03,0.0223,0.0081
3.45,R:\Optics Share\Israel\PetachTekva_PRoj\output_directory\80cm_Tamron_6mm_YT 34_05_MTF.bmp,H,1,0.9842,0.936,0.8709,0.7933,0.7149,0.63,0.5461,0.4628,0.3871,0.3215,0.2541,0.1977,0.1513,0.1118,0.0756,0.0449,0.0229,0.0206,0.0297,0.0344,0.0347,0.0389,0.0464,0.0468,0.037,0.0317,0.0327,0.0334,0.0397,0.0459,0.036,0.0378,0.0938,0.1386,0.1412
3.45,R:\Optics Share\Israel\PetachTekva_PRoj\output_directory\80cm_Tamron_6mm_YT 34_06_MTF.bmp,H,1,0.9795,0.9386,0.8843,0.8123,0.7299,0.6445,0.5677,0.4898,0.4125,0.3506,0.2896,0.2301,0.1757,0.1297,0.0891,0.0526,0.0223,0.0184,0.031,0.0359,0.036,0.0421,0.0554,0.0705,0.0683,0.063,0.0638,0.0571,0.0503,0.042,0.0344,0.04,0.063,0.0858,0.0929
3.45,R:\Optics Share\Israel\PetachTekva_PRoj\output_directory\80cm_Tamron_6mm_YT 7_68_MTF.bmp,V,1,0.9758,0.9235,0.8638,0.7886,0.7103,0.6402,0.5668,0.4946,0.4194,0.3405,0.2768,0.222,0.1727,0.1257,0.0824,0.0458,0.0182,0.0094,0.0208,0.0352,0.0549,0.0719,0.0811,0.0843,0.0724,0.0579,0.0487,0.0533,0.0735,0.0902,0.0911,0.0718,0.0381,0.0106,0.0053
3.45,R:\Optics Share\Israel\PetachTekva_PRoj\output_directory\80cm_Tamron_6mm_YTL 20_15_MTF.bmp,H,1,0.9761,0.9324,0.8812,0.8211,0.7481,0.6669,0.5668,0.4836,0.4117,0.3448,0.2764,0.2138,0.1612,0.1204,0.0836,0.052,0.0222,0.0093,0.024,0.0314,0.0322,0.0456,0.0663,0.073,0.0685,0.055,0.0417,0.0379,0.0491,0.0741,0.0967,0.0975,0.0674,0.0301,0.0248
3.45,R:\Optics Share\Israel\PetachTekva_PRoj\output_directory\80cm_Tamron_6mm_YTL 20_63_MTF.bmp,V,1,0.9743,0.9266,0.8642,0.7996,0.7277,0.6481,0.5669,0.4973,0.4305,0.3593,0.2963,0.2307,0.1715,0.1183,0.0784,0.0436,0.0198,0.0115,0.0256,0.0452,0.0626,0.0776,0.0874,0.0923,0.0941,0.0945,0.0928,0.0883,0.0852,0.0863,0.087,0.0908,0.0911,0.0988,0.1054
3.45,R:\Optics Share\Israel\PetachTekva_PRoj\output_directory\80cm_Tamron_6mm_YTL 31_14_MTF.bmp,H,1,0.9752,0.9259,0.8596,0.7811,0.6993,0.6144,0.5193,0.4281,0.3585,0.2931,0.2261,0.1674,0.1227,0.0843,0.0569,0.0368,0.022,0.0063,0.0145,0.0309,0.0393,0.0405,0.0432,0.0466,0.0522,0.0581,0.0582,0.0515,0.0521,0.0654,0.0638,0.0538,0.0693,0.0864,0.0665
3.45,R:\Optics Share\Israel\PetachTekva_PRoj\output_directory\80cm_Tamron_6mm_YTL 31_54_MTF.bmp,V,1,0.9756,0.9218,0.8544,0.7837,0.7082,0.6287,0.5446,0.4667,0.4018,0.3327,0.2585,0.1907,0.1402,0.0979,0.0675,0.042,0.0221,0.0093,0.0237,0.0395,0.0453,0.0476,0.0478,0.0482,0.0571,0.0674,0.0808,0.087,0.0849,0.0748,0.0581,0.0354,0.0084,0.0231,0.0418
3.45,R:\Optics Share\Israel\PetachTekva_PRoj\output_directory\80cm_Tamron_6mm_YTL 33_62_MTF.bmp,V,1,0.973,0.9219,0.8645,0.7891,0.713,0.6401,0.5507,0.4593,0.3873,0.3302,0.2697,0.2105,0.1595,0.1092,0.067,0.0324,0.0104,0.004,0.0152,0.0294,0.0404,0.0513,0.0538,0.0387,0.0122,0.0245,0.0465,0.0588,0.0589,0.0409,0.0142,0.0396,0.084,0.1253,0.1433
3.45,R:\Optics Share\Israel\PetachTekva_PRoj\output_directory\80cm_Tamron_6mm_YTL 40_53_MTF.bmp,V,1,0.9729,0.9146,0.8502,0.7828,0.7006,0.6164,0.5346,0.4513,0.3827,0.3139,0.2497,0.1987,0.1519,0.1063,0.066,0.0318,0.0096,0.0039,0.0125,0.0141,0.0183,0.0362,0.0515,0.0579,0.055,0.04,0.0272,0.0333,0.0381,0.0363,0.031,0.0327,0.0378,0.0376,0.0417
3.45,R:\Optics Share\Israel\PetachTekva_PRoj\output_directory\80cm_Tamron_6mm_YTL 41_04_MTF.bmp,H,1,0.9739,0.9199,0.8428,0.7624,0.6748,0.5915,0.5126,0.4401,0.3621,0.2923,0.2314,0.1808,0.1294,0.0871,0.0531,0.0279,0.0111,0.0218,0.0328,0.033,0.0225,0.0106,0.0156,0.0316,0.0428,0.0484,0.0523,0.0487,0.0255,0.0216,0.0774,0.124,0.1437,0.1265,0.0947
3.45,R:\Optics Share\Israel\PetachTekva_PRoj\output_directory\80cm_Tamron_6mm_YTL 43_11_MTF.bmp,H,1,0.9746,0.9091,0.8265,0.7406,0.6666,0.586,0.498,0.4028,0.3091,0.2362,0.1827,0.1381,0.1018,0.0701,0.0459,0.0302,0.0208,0.0171,0.0201,0.035,0.0432,0.0432,0.0252,0.0067,0.0358,0.0519,0.0339,0.029,0.0604,0.0799,0.0744,0.05,0.0352,0.0428,0.0581
3.45,R:\Optics Share\Israel\PetachTekva_PRoj\output_directory\80cm_Tamron_6mm_YTL 51_01_MTF.bmp,H,1,0.9793,0.9257,0.8495,0.7598,0.656,0.5604,0.4637,0.3704,0.2986,0.2341,0.1769,0.1339,0.1003,0.0697,0.0444,0.0213,0.008,0.0129,0.0194,0.0267,0.0294,0.0314,0.0299,0.0346,0.0547,0.0736,0.0816,0.0828,0.0737,0.0511,0.0229,0.0292,0.0382,0.0279,0.0251
3.45,R:\Optics Share\Israel\PetachTekva_PRoj\output_directory\80cm_Tamron_6mm_YTL 52_52_MTF.bmp,V,1,0.9758,0.9185,0.8529,0.7723,0.6823,0.5909,0.5092,0.4281,0.3508,0.293,0.235,0.1798,0.1298,0.0872,0.0519,0.0285,0.0141,0.0057,0.0051,0.012,0.0231,0.0389,0.0493,0.0534,0.0642,0.0758,0.0767,0.0799,0.0857,0.089,0.0876,0.0832,0.0754,0.0748,0.0717
3.45,R:\Optics Share\Israel\PetachTekva_PRoj\output_directory\80cm_Tamron_6mm_YTL 62_03_MTF.bmp,H,1,0.9673,0.8944,0.8097,0.7054,0.5967,0.5092,0.4211,0.3307,0.2558,0.1878,0.135,0.0983,0.0683,0.04,0.0199,0.008,0.0099,0.0126,0.0086,0.0108,0.0248,0.0265,0.0207,0.023,0.0282,0.031,0.0341,0.0239,0.02,0.0479,0.0632,0.0611,0.0433,0.0189,0.0327
3.45,R:\Optics Share\Israel\PetachTekva_PRoj\output_directory\80cm_Tamron_6mm_YTL 64_51_MTF.bmp,V,1,0.9682,0.8959,0.814,0.7321,0.6507,0.5584,0.4524,0.3529,0.272,0.2211,0.1843,0.1444,0.1028,0.063,0.0368,0.0249,0.0166,0.0062,0.0222,0.0329,0.0241,0.0085,0.0162,0.0128,0.0244,0.044,0.0564,0.0465,0.0435,0.049,0.0405,0.0415,0.0528,0.0391,0.0205
3.45,R:\Optics Share\Israel\PetachTekva_PRoj\output_directory\80cm_Tamron_6mm_YTL 70_02_MTF.bmp,H,1,0.9718,0.895,0.7984,0.6797,0.5526,0.4546,0.37,0.283,0.2075,0.1575,0.1156,0.0836,0.0574,0.0324,0.0167,0.0155,0.0116,0.0046,0.0092,0.0133,0.0049,0.0174,0.0357,0.0296,0.0217,0.0493,0.0711,0.0852,0.0927,0.0913,0.0828,0.0762,0.0655,0.0523,0.0445
3.45,R:\Optics Share\Israel\PetachTekva_PRoj\output_directory\80cm_Tamron_6mm_YTR 20_16_MTF.bmp,H,1,0.9777,0.9281,0.871,0.8031,0.734,0.65,0.5796,0.5132,0.4359,0.3561,0.2876,0.2306,0.1743,0.1219,0.0747,0.0368,0.0101,0.0068,0.0147,0.0236,0.0374,0.0533,0.0606,0.0563,0.0449,0.0566,0.0681,0.0709,0.0769,0.0766,0.0797,0.0902,0.1048,0.0983,0.0693
3.45,R:\Optics Share\Israel\PetachTekva_PRoj\output_directory\80cm_Tamron_6mm_YTR 20_64_MTF.bmp,V,1,0.9743,0.9188,0.8497,0.786,0.7229,0.6524,0.5737,0.5005,0.4262,0.3543,0.2886,0.2252,0.1717,0.1219,0.0783,0.0402,0.0146,0.0093,0.0181,0.0298,0.0447,0.0607,0.0707,0.0791,0.0832,0.0768,0.0614,0.0453,0.0348,0.0499,0.0783,0.0985,0.0974,0.0634,0.0247
3.45,R:\Optics Share\Israel\PetachTekva_PRoj\output_directory\80cm_Tamron_6mm_YTR 31_17_MTF.bmp,H,1,0.9846,0.9404,0.8806,0.8065,0.7275,0.6446,0.5529,0.4758,0.4175,0.3591,0.2933,0.2185,0.1518,0.1054,0.072,0.0491,0.028,0.0122,0.0204,0.0332,0.0421,0.0503,0.0596,0.0692,0.0792,0.0878,0.0925,0.0936,0.0949,0.1025,0.1099,0.1105,0.1151,0.1242,0.1253
3.45,R:\Optics Share\Israel\PetachTekva_PRoj\output_directory\80cm_Tamron_6mm_YTR 32_56_MTF.bmp,V,1,0.9797,0.9233,0.8566,0.7786,0.7161,0.6385,0.5529,0.4754,0.399,0.3327,0.2703,0.2115,0.1549,0.1126,0.0747,0.0478,0.0191,0.0067,0.0329,0.0491,0.057,0.0537,0.0501,0.0458,0.0411,0.0378,0.0312,0.0215,0.0237,0.0312,0.0378,0.0352,0.0238,0.0285,0.0488
3.45,R:\Optics Share\Israel\PetachTekva_PRoj\output_directory\80cm_Tamron_6mm_YTR 33_65_MTF.bmp,V,1,0.9797,0.9296,0.8756,0.805,0.7245,0.6376,0.5608,0.4881,0.4176,0.355,0.2869,0.2254,0.1711,0.1268,0.087,0.0538,0.0226,0.0086,0.0325,0.0511,0.0634,0.0664,0.0668,0.07,0.0755,0.0787,0.0811,0.0732,0.0581,0.0464,0.0497,0.0648,0.0814,0.0898,0.0803
3.45,R:\Optics Share\Israel\PetachTekva_PRoj\output_directory\80cm_Tamron_6mm_YTR 41_07_MTF.bmp,H,1,0.9817,0.9392,0.8853,0.8099,0.7228,0.6458,0.5636,0.4841,0.4213,0.3437,0.2696,0.2075,0.1549,0.1119,0.0771,0.0473,0.0221,0.0059,0.0127,0.0203,0.0288,0.0364,0.0386,0.0363,0.034,0.0318,0.033,0.0408,0.0495,0.0501,0.0398,0.0228,0.0274,0.0565,0.0883
3.45,R:\Optics Share\Israel\PetachTekva_PRoj\output_directory\80cm_Tamron_6mm_YTR 41_57_MTF.bmp,V,1,0.977,0.9235,0.8615,0.7925,0.7201,0.6379,0.5597,0.4805,0.3981,0.3255,0.2678,0.2166,0.168,0.1215,0.0769,0.0406,0.011,0.0092,0.0187,0.0239,0.0337,0.0438,0.0484,0.0497,0.0544,0.0543,0.0569,0.0655,0.0741,0.0789,0.0767,0.071,0.0673,0.066,0.0659
3.45,R:\Optics Share\Israel\PetachTekva_PRoj\output_directory\80cm_Tamron_6mm_YTR 44_18_MTF.bmp,H,1,0.9831,0.9312,0.8615,0.7783,0.6937,0.6023,0.5194,0.4454,0.3745,0.3004,0.2281,0.1726,0.1256,0.0874,0.0549,0.0315,0.0088,0.01,0.0274,0.0418,0.0544,0.0617,0.0705,0.071,0.0645,0.0633,0.0535,0.0284,0.0042,0.0333,0.0512,0.0544,0.0471,0.0422,0.049
3.45,R:\Optics Share\Israel\PetachTekva_PRoj\output_directory\80cm_Tamron_6mm_YTR 52_08_MTF.bmp,H,1,0.9809,0.9336,0.878,0.7985,0.7063,0.6251,0.5354,0.4569,0.3843,0.3048,0.2334,0.1788,0.1321,0.0945,0.0669,0.0476,0.0339,0.026,0.0256,0.0319,0.0434,0.0522,0.0502,0.0401,0.0285,0.0172,0.0128,0.0179,0.0304,0.0417,0.0498,0.0477,0.0401,0.032,0.0338
3.45,R:\Optics Share\Israel\PetachTekva_PRoj\output_directory\80cm_Tamron_6mm_YTR 53_58_MTF.bmp,V,1,0.9768,0.9259,0.8626,0.7885,0.7217,0.6505,0.5657,0.4808,0.3898,0.3107,0.2502,0.1977,0.155,0.1159,0.0821,0.0526,0.0277,0.0076,0.0101,0.0266,0.0429,0.0517,0.0524,0.0505,0.0524,0.0482,0.0432,0.0404,0.0399,0.0313,0.0202,0.0271,0.0412,0.0548,0.068
3.45,R:\Optics Share\Israel\PetachTekva_PRoj\output_directory\80cm_Tamron_6mm_YTR 64_09_MTF.bmp,H,1,0.9748,0.9132,0.8432,0.7648,0.677,0.594,0.5181,0.4158,0.3277,0.2554,0.1947,0.1553,0.1181,0.0861,0.0569,0.0336,0.0132,0.0098,0.0204,0.021,0.0212,0.0262,0.0346,0.0408,0.0616,0.0866,0.0879,0.0658,0.0489,0.0638,0.0815,0.1034,0.1359,0.1517,0.1325
3.45,R:\Optics Share\Israel\PetachTekva_PRoj\output_directory\80cm_Tamron_6mm_YTR 66_59_MTF.bmp,V,1,0.9737,0.9215,0.8637,0.7995,0.7232,0.647,0.5732,0.4867,0.3992,0.3228,0.2585,0.2014,0.1491,0.1002,0.0594,0.0245,0.0113,0.0217,0.0218,0.0182,0.02,0.0309,0.0504,0.0744,0.085,0.0794,0.0701,0.0667,0.0615,0.0589,0.0592,0.0502,0.0376,0.0212,0.0166
3.45,R:\Optics Share\Israel\PetachTekva_PRoj\output_directory\80cm_Tamron_6mm_YTR 72_10_MTF.bmp,H,1,0.9777,0.9263,0.8542,0.7692,0.6675,0.5688,0.4752,0.3962,0.3281,0.2614,0.2052,0.1567,0.1203,0.0856,0.0632,0.0379,0.0181,0.0096,0.0217,0.0305,0.0254,0.0203,0.0196,0.0284,0.0323,0.0306,0.0268,0.0352,0.0485,0.0441,0.0232,0.0234,0.0415,0.0364,0.0479
3.45,R:\Optics Share\Israel\PetachTekva_PRoj\output_directory\80cm_Fujinon_6mm_YB 23_82_MTF.bmp,V,1,0.9729,0.9197,0.859,0.785,0.7179,0.647,0.5639,0.4826,0.4056,0.3385,0.2794,0.2221,0.1696,0.1251,0.0878,0.0584,0.0345,0.0146,0.0066,0.0234,0.039,0.0526,0.0624,0.0664,0.0673,0.0658,0.0727,0.0764,0.0693,0.0606,0.0486,0.0354,0.0256,0.0269,0.0505
3.45,R:\Optics Share\Israel\PetachTekva_PRoj\output_directory\80cm_Fujinon_6mm_YB 2_69_MTF.bmp,V,1,0.9739,0.9222,0.8646,0.8012,0.7318,0.6567,0.5853,0.5153,0.4392,0.3592,0.2917,0.2349,0.1837,0.1406,0.1042,0.0705,0.0421,0.0164,0.009,0.0263,0.0405,0.0521,0.0593,0.0612,0.0599,0.0528,0.0456,0.0369,0.0305,0.0363,0.0405,0.0364,0.0217,0.0088,0.022
3.45,R:\Optics Share\Israel\PetachTekva_PRoj\output_directory\80cm_Fujinon_6mm_YB 30_45_MTF.bmp,H,1,0.9827,0.9311,0.8707,0.7989,0.7227,0.6357,0.5578,0.4805,0.4039,0.3397,0.2769,0.2218,0.1717,0.1328,0.0939,0.0642,0.0379,0.0207,0.0041,0.0201,0.037,0.042,0.0472,0.0487,0.0468,0.0517,0.0659,0.0848,0.0882,0.0698,0.0447,0.0363,0.0557,0.0699,0.0579
3.45,R:\Optics Share\Israel\PetachTekva_PRoj\output_directory\80cm_Fujinon_6mm_YB 30_46_MTF.bmp,H,1,0.9837,0.939,0.8819,0.8244,0.7526,0.6694,0.5938,0.5079,0.4228,0.345,0.2811,0.2229,0.1745,0.1339,0.0984,0.0677,0.0387,0.0139,0.0146,0.0282,0.0378,0.0421,0.0446,0.0462,0.0472,0.0502,0.0509,0.0531,0.0637,0.0731,0.0827,0.09,0.089,0.0777,0.0567
3.45,R:\Optics Share\Israel\PetachTekva_PRoj\output_directory\80cm_Fujinon_6mm_YBL 16_35_MTF.bmp,H,1,0.9834,0.9392,0.8848,0.817,0.7319,0.6511,0.5802,0.5031,0.4333,0.3687,0.3089,0.2532,0.1917,0.1399,0.0955,0.0629,0.0352,0.0166,0.0005,0.0151,0.0322,0.0449,0.0526,0.0547,0.0594,0.0612,0.0511,0.0348,0.0246,0.0425,0.0642,0.0694,0.0625,0.0505,0.044
3.45,R:\Optics Share\Israel\PetachTekva_PRoj\output_directory\80cm_Fujinon_6mm_YBL 17_73_MTF.bmp,V,1,0.976,0.9263,0.8647,0.7936,0.7229,0.6507,0.5781,0.4943,0.4238,0.3577,0.2925,0.2351,0.1805,0.1343,0.0957,0.0637,0.0374,0.0171,0.0051,0.0161,0.0288,0.0397,0.051,0.0542,0.0516,0.0516,0.0488,0.0431,0.0403,0.0424,0.0525,0.0637,0.0668,0.055,0.0342
3.45,R:\Optics Share\Israel\PetachTekva_PRoj\output_directory\80cm_Fujinon_6mm_YBL 28_81_MTF.bmp,V,1,0.9758,0.921,0.8541,0.7854,0.7212,0.6384,0.5558,0.4843,0.412,0.3409,0.2751,0.2111,0.1584,0.1173,0.0829,0.0564,0.0367,0.0185,0.0092,0.0254,0.0387,0.0374,0.0238,0.0076,0.0034,0.0134,0.0359,0.053,0.056,0.0414,0.0097,0.023,0.0362,0.0274,0.0116
3.45,R:\Optics Share\Israel\PetachTekva_PRoj\output_directory\80cm_Fujinon_6mm_YBL 29_34_MTF.bmp,H,1,0.9791,0.9353,0.8731,0.791,0.7102,0.6275,0.547,0.4703,0.3974,0.3219,0.2583,0.2013,0.1562,0.1149,0.082,0.0515,0.029,0.0112,0.0062,0.0127,0.0198,0.0322,0.0431,0.0481,0.0488,0.0489,0.0506,0.0511,0.0478,0.0475,0.0518,0.0564,0.0551,0.0597,0.0599
3.45,R:\Optics Share\Israel\PetachTekva_PRoj\output_directory\80cm_Fujinon_6mm_YBL 38_44_MTF.bmp,H,1,0.9799,0.9348,0.8705,0.7963,0.7177,0.6338,0.5407,0.4541,0.3839,0.3218,0.2622,0.2029,0.1499,0.1071,0.0724,0.0453,0.0253,0.011,0.0008,0.0123,0.0248,0.037,0.0452,0.051,0.0558,0.0571,0.0542,0.0481,0.043,0.0444,0.051,0.0535,0.0552,0.0623,0.0742
3.45,R:\Optics Share\Israel\PetachTekva_PRoj\output_directory\80cm_Fujinon_6mm_YBL 38_80_MTF.bmp,V,1,0.9818,0.929,0.8595,0.7898,0.7173,0.6316,0.5486,0.4663,0.3843,0.308,0.2463,0.1922,0.146,0.1112,0.0816,0.0573,0.0325,0.012,0.0097,0.0148,0.0151,0.0132,0.0215,0.0395,0.0626,0.0791,0.084,0.0857,0.0795,0.071,0.0743,0.0782,0.0741,0.0629,0.0568
3.45,R:\Optics Share\Israel\PetachTekva_PRoj\output_directory\80cm_Fujinon_6mm_YBL 48_41_MTF.bmp,H,1,0.9788,0.9268,0.8591,0.7801,0.6981,0.5965,0.5085,0.4332,0.3583,0.2815,0.2143,0.1641,0.1169,0.0813,0.0538,0.037,0.0207,0.0077,0.0068,0.0157,0.0195,0.0193,0.0155,0.0155,0.0195,0.0218,0.022,0.0297,0.0399,0.0463,0.0428,0.0347,0.0353,0.0651,0.0935
3.45,R:\Optics Share\Israel\PetachTekva_PRoj\output_directory\80cm_Fujinon_6mm_YBL 50_79_MTF.bmp,V,1,0.972,0.9123,0.8469,0.773,0.6876,0.6062,0.529,0.4421,0.3602,0.2906,0.2347,0.1857,0.1397,0.0946,0.0586,0.039,0.0303,0.0218,0.0109,0.018,0.0307,0.0318,0.0164,0.0097,0.0251,0.0259,0.0189,0.0215,0.0215,0.0102,0.006,0.0171,0.0276,0.0369,0.032
3.45,R:\Optics Share\Israel\PetachTekva_PRoj\output_directory\80cm_Fujinon_6mm_YBL 60_43_MTF.bmp,H,1,0.9737,0.9127,0.8368,0.7508,0.6539,0.5541,0.4571,0.3753,0.3071,0.2401,0.1842,0.1439,0.1145,0.0878,0.0611,0.0369,0.02,0.0151,0.0107,0.0066,0.0207,0.0315,0.03,0.0182,0.0204,0.0327,0.0341,0.0212,0.0268,0.0297,0.0292,0.0322,0.0494,0.0917,0.1374
3.45,R:\Optics Share\Israel\PetachTekva_PRoj\output_directory\80cm_Fujinon_6mm_YBL 68_42_MTF.bmp,H,1,0.9804,0.9219,0.8426,0.7469,0.6431,0.5502,0.4575,0.3673,0.2831,0.2164,0.1666,0.1264,0.0961,0.0682,0.0421,0.0232,0.0134,0.0108,0.0057,0.0125,0.0251,0.0302,0.0223,0.02,0.0214,0.0024,0.0144,0.0135,0.0038,0.0189,0.0476,0.0588,0.0396,0.0146,0.059
3.45,R:\Optics Share\Israel\PetachTekva_PRoj\output_directory\80cm_Fujinon_6mm_YBR 16_36_MTF.bmp,H,1,0.9798,0.9329,0.8725,0.814,0.7507,0.6759,0.6063,0.5243,0.4459,0.3779,0.317,0.2546,0.2,0.1526,0.1114,0.0735,0.0408,0.0154,0.0056,0.0181,0.0272,0.033,0.0394,0.0391,0.039,0.0405,0.0475,0.0557,0.0595,0.0588,0.0539,0.0454,0.0344,0.0298,0.0285
3.45,R:\Optics Share\Israel\PetachTekva_PRoj\output_directory\80cm_Fujinon_6mm_YBR 17_74_MTF.bmp,V,1,0.9734,0.9221,0.8677,0.8028,0.731,0.6547,0.5883,0.5099,0.431,0.368,0.3056,0.2461,0.1918,0.1446,0.1043,0.0699,0.0414,0.018,0.0124,0.0289,0.0407,0.0454,0.0466,0.0511,0.0527,0.0487,0.0506,0.0503,0.0471,0.0463,0.0413,0.039,0.0418,0.0557,0.0694
3.45,R:\Optics Share\Israel\PetachTekva_PRoj\output_directory\80cm_Fujinon_6mm_YBR 28_83_MTF.bmp,V,1,0.974,0.9219,0.8626,0.7831,0.7008,0.6262,0.5624,0.4954,0.42,0.3514,0.2801,0.2131,0.1614,0.1189,0.0857,0.0584,0.0335,0.0102,0.0092,0.0193,0.0227,0.0229,0.0233,0.0219,0.0221,0.0246,0.0221,0.0225,0.0316,0.0304,0.0291,0.0449,0.0655,0.076,0.0798
3.45,R:\Optics Share\Israel\PetachTekva_PRoj\output_directory\80cm_Fujinon_6mm_YBR 29_37_MTF.bmp,H,1,0.9806,0.9377,0.8811,0.8124,0.7354,0.6513,0.5779,0.504,0.4259,0.3522,0.283,0.211,0.1539,0.1119,0.0837,0.0624,0.0422,0.0222,0.0094,0.0211,0.0332,0.038,0.0436,0.048,0.0622,0.0675,0.0604,0.0549,0.0453,0.0306,0.0291,0.0523,0.0836,0.1084,0.1199
3.45,R:\Optics Share\Israel\PetachTekva_PRoj\output_directory\80cm_Fujinon_6mm_YBR 38_47_MTF.bmp,H,1,0.9791,0.9329,0.875,0.8116,0.741,0.6428,0.549,0.4685,0.3942,0.3232,0.2564,0.1969,0.1502,0.1126,0.0801,0.0533,0.0315,0.0138,0.0126,0.0234,0.03,0.0359,0.0401,0.0366,0.0283,0.0236,0.0121,0.007,0.0102,0.025,0.044,0.0609,0.0708,0.0681,0.054
3.45,R:\Optics Share\Israel\PetachTekva_PRoj\output_directory\80cm_Fujinon_6mm_YBR 38_84_MTF.bmp,V,1,0.9725,0.917,0.8577,0.7879,0.7064,0.6199,0.5354,0.4617,0.3949,0.3263,0.2621,0.2083,0.1605,0.1217,0.0894,0.0607,0.0365,0.0161,0.0067,0.0156,0.0269,0.038,0.0526,0.0718,0.0828,0.0842,0.0786,0.0647,0.05,0.0466,0.0688,0.0993,0.1135,0.1029,0.0758
3.45,R:\Optics Share\Israel\PetachTekva_PRoj\output_directory\80cm_Fujinon_6mm_YBR 50_48_MTF.bmp,H,1,0.9787,0.923,0.8601,0.7905,0.7071,0.6135,0.5196,0.4354,0.3558,0.2935,0.2366,0.1819,0.1339,0.0928,0.0625,0.0375,0.0197,0.0074,0.0071,0.0097,0.0114,0.0193,0.026,0.0263,0.0274,0.0262,0.0177,0.0142,0.0147,0.0131,0.0167,0.0164,0.0113,0.003,0.0264
3.45,R:\Optics Share\Israel\PetachTekva_PRoj\output_directory\80cm_Fujinon_6mm_YBR 51_85_MTF.bmp,V,1,0.9768,0.9279,0.8715,0.7895,0.7071,0.6393,0.5671,0.4864,0.4026,0.3343,0.2683,0.2104,0.1611,0.1222,0.088,0.0573,0.03,0.0074,0.0093,0.0168,0.0167,0.0132,0.0152,0.025,0.0374,0.0409,0.0444,0.0512,0.0532,0.0547,0.0515,0.0354,0.0145,0.0256,0.04
3.45,R:\Optics Share\Israel\PetachTekva_PRoj\output_directory\80cm_Fujinon_6mm_YBR 62_49_MTF.bmp,H,1,0.9775,0.9176,0.841,0.7603,0.6791,0.5787,0.4795,0.3914,0.3138,0.2509,0.1982,0.1524,0.113,0.0831,0.0572,0.038,0.0221,0.0113,0.0066,0.0093,0.0169,0.0241,0.0306,0.0347,0.0369,0.0361,0.0416,0.0405,0.0374,0.0431,0.06,0.0842,0.1126,0.13,0.1282
3.45,R:\Optics Share\Israel\PetachTekva_PRoj\output_directory\80cm_Fujinon_6mm_YBR 71_50_MTF.bmp,H,1,0.9779,0.9185,0.8436,0.7495,0.6457,0.5475,0.4518,0.3538,0.2749,0.2176,0.1741,0.1225,0.0865,0.0659,0.0471,0.0302,0.0141,0.0055,0.0094,0.0114,0.0155,0.0201,0.0235,0.0212,0.0135,0.004,0.0108,0.0158,0.0168,0.0286,0.0351,0.0283,0.0209,0.0317,0.0392
3.45,R:\Optics Share\Israel\PetachTekva_PRoj\output_directory\80cm_Fujinon_6mm_YL 11_25_MTF.bmp,H,1,0.9841,0.9403,0.8856,0.8166,0.7467,0.6734,0.5863,0.5063,0.4362,0.3638,0.2936,0.2356,0.1822,0.1392,0.1011,0.0686,0.0392,0.0153,0.0083,0.0279,0.047,0.06,0.0696,0.0728,0.0659,0.0539,0.0594,0.0789,0.0971,0.1068,0.1011,0.0869,0.0727,0.0512,0.0264
3.45,R:\Optics Share\Israel\PetachTekva_PRoj\output_directory\80cm_Fujinon_6mm_YL 26_24_MTF.bmp,H,1,0.979,0.9299,0.87,0.7959,0.7195,0.6395,0.5548,0.4767,0.4028,0.3285,0.2648,0.2095,0.1617,0.1214,0.0873,0.0554,0.0298,0.0083,0.0073,0.0177,0.0257,0.0331,0.0349,0.0254,0.0115,0.0128,0.0281,0.0367,0.0363,0.021,0.011,0.0021,0.0172,0.0459,0.0832
3.45,R:\Optics Share\Israel\PetachTekva_PRoj\output_directory\80cm_Fujinon_6mm_YL 31_72_MTF.bmp,V,1,0.9756,0.9172,0.8476,0.7794,0.7171,0.6508,0.566,0.4678,0.3953,0.336,0.2804,0.2289,0.1781,0.1311,0.0899,0.0563,0.0305,0.0122,0.0071,0.0216,0.0372,0.0474,0.0457,0.048,0.0449,0.0369,0.0387,0.0393,0.0404,0.0475,0.0528,0.047,0.0351,0.0191,0.0196
3.45,R:\Optics Share\Israel\PetachTekva_PRoj\output_directory\80cm_Fujinon_6mm_YL 40_21_MTF.bmp,H,1,0.9733,0.9185,0.8546,0.7759,0.6922,0.6108,0.5244,0.4395,0.3579,0.2916,0.2365,0.1842,0.1395,0.1008,0.0708,0.0457,0.0296,0.015,0.0097,0.0154,0.019,0.0251,0.0271,0.031,0.0398,0.0491,0.0552,0.0524,0.0353,0.0154,0.031,0.0369,0.0326,0.0491,0.0651
3.45,R:\Optics Share\Israel\PetachTekva_PRoj\output_directory\80cm_Fujinon_6mm_YL 42_31_MTF.bmp,H,1,0.9753,0.9236,0.858,0.7803,0.6925,0.6005,0.5122,0.4311,0.3591,0.2933,0.2294,0.171,0.1263,0.0947,0.0679,0.0474,0.0278,0.0094,0.0097,0.0159,0.0161,0.0184,0.0236,0.0283,0.0354,0.0442,0.0482,0.0357,0.0257,0.0212,0.0197,0.0286,0.0394,0.051,0.0636
3.45,R:\Optics Share\Israel\PetachTekva_PRoj\output_directory\80cm_Fujinon_6mm_YL 45_71_MTF.bmp,V,1,0.9724,0.9118,0.84,0.7611,0.6855,0.6131,0.5373,0.4576,0.3772,0.3068,0.2472,0.1947,0.1472,0.1031,0.0687,0.0447,0.0286,0.0151,0.014,0.0276,0.0363,0.0393,0.0352,0.0211,0.0188,0.0326,0.0456,0.0415,0.0255,0.0025,0.0226,0.04,0.0435,0.0488,0.0614
3.45,R:\Optics Share\Israel\PetachTekva_PRoj\output_directory\80cm_Fujinon_6mm_YL 47_61_MTF.bmp,V,1,0.9752,0.922,0.8585,0.7854,0.7105,0.6305,0.5479,0.4643,0.3885,0.3156,0.2461,0.1904,0.1411,0.1003,0.0704,0.0466,0.0286,0.0134,0.0028,0.0073,0.0126,0.0168,0.0224,0.0328,0.0455,0.0642,0.0806,0.0792,0.0664,0.0466,0.0299,0.0275,0.047,0.0854,0.1247
3.45,R:\Optics Share\Israel\PetachTekva_PRoj\output_directory\80cm_Fujinon_6mm_YL 54_23_MTF.bmp,H,1,0.973,0.917,0.8423,0.7609,0.6631,0.5718,0.4779,0.3871,0.31,0.25,0.1958,0.1497,0.1099,0.0766,0.0528,0.0342,0.0213,0.0092,0.0009,0.0079,0.0142,0.0131,0.0094,0.014,0.0208,0.028,0.04,0.0633,0.0686,0.0511,0.0317,0.0453,0.0596,0.0508,0.0224
3.45,R:\Optics Share\Israel\PetachTekva_PRoj\output_directory\80cm_Fujinon_6mm_YL 55_33_MTF.bmp,H,1,0.9795,0.9236,0.8454,0.7525,0.6577,0.5552,0.4712,0.3881,0.3083,0.247,0.1945,0.1488,0.1057,0.0788,0.0558,0.0393,0.0257,0.0156,0.0103,0.0149,0.0179,0.0146,0.0098,0.0115,0.0161,0.0256,0.0337,0.0425,0.051,0.0514,0.0436,0.0296,0.0211,0.0297,0.0392
3.45,R:\Optics Share\Israel\PetachTekva_PRoj\output_directory\80cm_Fujinon_6mm_YL 57_13_MTF.bmp,H,1,0.9742,0.9204,0.8467,0.7556,0.6579,0.5739,0.4869,0.4035,0.3246,0.2544,0.197,0.1481,0.1166,0.0858,0.059,0.033,0.016,0.0074,0.0057,0.0026,0.0099,0.0221,0.0264,0.0225,0.0161,0.0227,0.0284,0.0355,0.0484,0.0633,0.0661,0.0592,0.0655,0.0836,0.084
3.45,R:\Optics Share\Israel\PetachTekva_PRoj\output_directory\80cm_Fujinon_6mm_YL 59_70_MTF.bmp,V,1,0.975,0.918,0.8466,0.7711,0.6953,0.606,0.5128,0.4217,0.3353,0.2697,0.2236,0.1788,0.1362,0.0945,0.0599,0.0342,0.0192,0.0111,0.0071,0.0042,0.0099,0.0157,0.0135,0.0084,0.0293,0.0476,0.0579,0.0576,0.049,0.0408,0.0413,0.0472,0.0676,0.0914,0.107
3.45,R:\Optics Share\Israel\PetachTekva_PRoj\output_directory\80cm_Fujinon_6mm_YL 60_60_MTF.bmp,V,1,0.9785,0.92,0.8573,0.7789,0.7002,0.6076,0.5171,0.4424,0.3691,0.2931,0.2207,0.1632,0.1162,0.0856,0.0613,0.0433,0.0233,0.007,0.0098,0.0167,0.0187,0.0168,0.023,0.0291,0.043,0.0462,0.0415,0.0365,0.0267,0.0306,0.0553,0.0721,0.0671,0.0369,0.0047
3.45,R:\Optics Share\Israel\PetachTekva_PRoj\output_directory\80cm_Fujinon_6mm_YL 62_78_MTF.bmp,V,1,0.974,0.9175,0.8443,0.7555,0.6668,0.5696,0.4797,0.3979,0.312,0.2552,0.204,0.1488,0.1031,0.0711,0.0475,0.0304,0.0185,0.0107,0.007,0.0078,0.015,0.0232,0.029,0.0348,0.039,0.0401,0.0356,0.0285,0.023,0.018,0.0043,0.0213,0.0373,0.0489,0.0519
3.45,R:\Optics Share\Israel\PetachTekva_PRoj\output_directory\80cm_Fujinon_6mm_YL 63_22_MTF.bmp,H,1,0.9782,0.9239,0.847,0.7573,0.6517,0.5485,0.4505,0.3749,0.3094,0.2277,0.1633,0.1133,0.0791,0.0541,0.0396,0.0241,0.0162,0.0097,0.005,0.0152,0.0264,0.0277,0.0236,0.024,0.0387,0.0532,0.0645,0.0651,0.052,0.0347,0.0186,0.027,0.0617,0.0902,0.0944
3.45,R:\Optics Share\Israel\PetachTekva_PRoj\output_directory\80cm_Fujinon_6mm_YL 64_32_MTF.bmp,H,1,0.9785,0.9239,0.8424,0.7553,0.6572,0.5567,0.4575,0.3736,0.2915,0.2255,0.1794,0.1455,0.1099,0.0772,0.046,0.0261,0.0145,0.0122,0.0097,0.0136,0.0234,0.032,0.0257,0.0245,0.0293,0.0279,0.0206,0.0106,0.0076,0.0051,0.007,0.0235,0.0355,0.0396,0.0286
3.45,R:\Optics Share\Israel\PetachTekva_PRoj\output_directory\80cm_Fujinon_6mm_YL 65_12_MTF.bmp,H,1,0.9805,0.9251,0.8461,0.7568,0.6538,0.5405,0.4434,0.3636,0.2946,0.2222,0.1686,0.1332,0.1026,0.0733,0.0466,0.026,0.0102,0.003,0.0038,0.0094,0.0222,0.0307,0.0303,0.0226,0.0027,0.0234,0.0453,0.0713,0.0923,0.0988,0.0867,0.0567,0.0218,0.0118,0.0435
3.45,R:\Optics Share\Israel\PetachTekva_PRoj\output_directory\80cm_Fujinon_6mm_YR 11_26_MTF.bmp,H,1,0.9839,0.9431,0.8919,0.8338,0.7663,0.6861,0.6092,0.5291,0.4452,0.3687,0.3075,0.2489,0.1979,0.1552,0.1158,0.0803,0.0473,0.0183,0.0102,0.0268,0.0403,0.0528,0.0594,0.0679,0.0771,0.0859,0.0869,0.0698,0.0502,0.0363,0.027,0.0227,0.0392,0.0617,0.0813
3.45,R:\Optics Share\Israel\PetachTekva_PRoj\output_directory\80cm_Fujinon_6mm_YR 26_27_MTF.bmp,H,1,0.9805,0.9371,0.8836,0.811,0.7305,0.6573,0.5795,0.4985,0.4295,0.3606,0.2884,0.2202,0.1625,0.1186,0.0866,0.0623,0.0417,0.0228,0.0108,0.0214,0.0319,0.0369,0.0373,0.0379,0.045,0.0476,0.0455,0.0512,0.0524,0.0463,0.0457,0.0536,0.0681,0.0821,0.0862
3.45,R:\Optics Share\Israel\PetachTekva_PRoj\output_directory\80cm_Fujinon_6mm_YR 32_75_MTF.bmp,V,1,0.9772,0.9281,0.8716,0.8016,0.7281,0.6535,0.5756,0.4951,0.421,0.3563,0.2959,0.2355,0.1798,0.1353,0.0977,0.066,0.0409,0.0219,0.0168,0.0294,0.0437,0.0574,0.0706,0.0814,0.0911,0.0902,0.0864,0.0916,0.0895,0.084,0.0751,0.0653,0.0536,0.047,0.0452
3.45,R:\Optics Share\Israel\PetachTekva_PRoj\output_directory\80cm_Fujinon_6mm_YR 41_28_MTF.bmp,H,1,0.9791,0.9314,0.8734,0.7987,0.7149,0.6227,0.5345,0.449,0.3736,0.302,0.2432,0.1941,0.1521,0.111,0.0759,0.0456,0.0249,0.0119,0.0044,0.0046,0.0166,0.0287,0.0295,0.0207,0.003,0.0239,0.0404,0.0424,0.0406,0.0493,0.0642,0.0765,0.0854,0.0886,0.0813
3.45,R:\Optics Share\Israel\PetachTekva_PRoj\output_directory\80cm_Fujinon_6mm_YR 43_38_MTF.bmp,H,1,0.9718,0.922,0.8612,0.7821,0.7017,0.6232,0.5483,0.4617,0.3768,0.3011,0.2317,0.1802,0.14,0.1032,0.0734,0.0481,0.0303,0.0153,0.002,0.0134,0.0265,0.037,0.0448,0.0485,0.0403,0.0402,0.0547,0.0638,0.0586,0.0404,0.0146,0.0109,0.017,0.0082,0.0316
3.45,R:\Optics Share\Israel\PetachTekva_PRoj\output_directory\80cm_Fujinon_6mm_YR 47_76_MTF.bmp,V,1,0.9766,0.9232,0.8714,0.8092,0.7288,0.6383,0.554,0.479,0.4028,0.3445,0.2819,0.2265,0.1791,0.1371,0.1,0.0668,0.0378,0.015,0.0057,0.0195,0.0348,0.0528,0.0696,0.0838,0.0876,0.0781,0.0599,0.0409,0.022,0.0145,0.0261,0.0359,0.0417,0.0489,0.0484
3.45,R:\Optics Share\Israel\PetachTekva_PRoj\output_directory\80cm_Fujinon_6mm_YR 48_66_MTF.bmp,V,1,0.9789,0.9219,0.8633,0.797,0.7297,0.6484,0.5619,0.4765,0.4037,0.3433,0.2808,0.2227,0.1695,0.1289,0.0894,0.0608,0.0353,0.0175,0.0093,0.0232,0.0399,0.0486,0.0538,0.0585,0.0655,0.0768,0.08,0.0736,0.0603,0.0367,0.0236,0.0371,0.062,0.0965,0.1202
3.45,R:\Optics Share\Israel\PetachTekva_PRoj\output_directory\80cm_Fujinon_6mm_YR 56_29_MTF.bmp,H,1,0.9733,0.9169,0.8435,0.7572,0.6676,0.5789,0.4882,0.401,0.3191,0.2552,0.2049,0.161,0.1268,0.0924,0.0607,0.0355,0.0195,0.0115,0.0079,0.0148,0.0286,0.0391,0.0336,0.0211,0.017,0.0151,0.0047,0.0322,0.0471,0.0416,0.0234,0.0143,0.0174,0.0345,0.0717
3.45,R:\Optics Share\Israel\PetachTekva_PRoj\output_directory\80cm_Fujinon_6mm_YR 57_39_MTF.bmp,H,1,0.9761,0.9167,0.8438,0.7587,0.6705,0.5835,0.4968,0.403,0.3266,0.2603,0.2075,0.1645,0.128,0.0917,0.0622,0.0399,0.0232,0.0082,0.0091,0.0206,0.0269,0.0261,0.0269,0.0324,0.0376,0.0413,0.0272,0.012,0.0214,0.0307,0.0209,0.009,0.0434,0.0655,0.0626
3.45,R:\Optics Share\Israel\PetachTekva_PRoj\output_directory\80cm_Fujinon_6mm_YR 59_19_MTF.bmp,H,1,0.9757,0.9186,0.8518,0.7713,0.677,0.5846,0.4986,0.4063,0.3273,0.2489,0.1881,0.1495,0.1129,0.0832,0.0592,0.0406,0.0233,0.0095,0.0058,0.0137,0.0211,0.0259,0.0318,0.0423,0.0543,0.0586,0.0598,0.0555,0.0536,0.0513,0.0516,0.0546,0.0566,0.0499,0.0375
3.45,R:\Optics Share\Israel\PetachTekva_PRoj\output_directory\80cm_Fujinon_6mm_YR 61_77_MTF.bmp,V,1,0.9749,0.9203,0.8572,0.7818,0.7039,0.6288,0.5522,0.4783,0.4091,0.34,0.2797,0.2174,0.164,0.1206,0.0814,0.0504,0.0296,0.0169,0.0087,0.0096,0.0262,0.0448,0.0574,0.0612,0.0603,0.0553,0.0508,0.049,0.0441,0.0447,0.0478,0.0569,0.0725,0.0829,0.0658
3.45,R:\Optics Share\Israel\PetachTekva_PRoj\output_directory\80cm_Fujinon_6mm_YR 62_67_MTF.bmp,V,1,0.9706,0.9159,0.8523,0.7844,0.7096,0.6317,0.5523,0.4692,0.3936,0.3323,0.2708,0.2204,0.1705,0.1237,0.0829,0.05,0.0266,0.0094,0.0086,0.023,0.036,0.0491,0.0561,0.0527,0.0449,0.0365,0.037,0.0312,0.0223,0.0332,0.0505,0.0607,0.0556,0.0389,0.0425
3.45,R:\Optics Share\Israel\PetachTekva_PRoj\output_directory\80cm_Fujinon_6mm_YR 65_30_MTF.bmp,H,1,0.9736,0.9113,0.8421,0.7516,0.6499,0.5546,0.4562,0.3664,0.2858,0.2206,0.17,0.1297,0.0964,0.0735,0.058,0.0445,0.0283,0.0136,0.0074,0.0101,0.0068,0.0098,0.0253,0.0323,0.0277,0.0131,0.009,0.0236,0.0253,0.0354,0.0441,0.0388,0.0155,0.0168,0.0309
3.45,R:\Optics Share\Israel\PetachTekva_PRoj\output_directory\80cm_Fujinon_6mm_YR 65_86_MTF.bmp,V,1,0.9727,0.9174,0.8639,0.7946,0.7218,0.6473,0.5582,0.4666,0.3857,0.3226,0.2651,0.212,0.1649,0.1261,0.0904,0.06,0.0341,0.0159,0.007,0.0149,0.0271,0.0406,0.054,0.0654,0.0684,0.0682,0.0618,0.0521,0.0393,0.0359,0.053,0.0792,0.0988,0.1126,0.1246
3.45,R:\Optics Share\Israel\PetachTekva_PRoj\output_directory\80cm_Fujinon_6mm_YR 67_40_MTF.bmp,H,1,0.9747,0.9189,0.8454,0.7503,0.6459,0.545,0.4462,0.3666,0.297,0.2407,0.1937,0.1435,0.1002,0.0678,0.0444,0.0275,0.0171,0.0081,0.006,0.0149,0.0225,0.0262,0.0252,0.0248,0.0242,0.0242,0.0288,0.0356,0.0395,0.0334,0.0223,0.0184,0.0211,0.023,0.0212
3.45,R:\Optics Share\Israel\PetachTekva_PRoj\output_directory\80cm_Fujinon_6mm_YR 68_20_MTF.bmp,H,1,0.9771,0.9207,0.8415,0.749,0.6409,0.5468,0.4554,0.3647,0.2974,0.2452,0.194,0.1474,0.1044,0.0705,0.0464,0.0266,0.014,0.004,0.0029,0.0026,0.0129,0.0205,0.0229,0.016,0.003,0.011,0.0292,0.0491,0.0651,0.0617,0.0535,0.0525,0.0632,0.0796,0.0864
3.45,R:\Optics Share\Israel\PetachTekva_PRoj\output_directory\80cm_Fujinon_6mm_YT 29_55_MTF.bmp,V,1,0.9742,0.92,0.8543,0.781,0.7,0.6292,0.554,0.4713,0.3897,0.3107,0.2484,0.1909,0.1438,0.1038,0.073,0.0468,0.0282,0.0115,0.0021,0.0133,0.0215,0.0267,0.0302,0.0356,0.041,0.0501,0.0639,0.0781,0.0862,0.0899,0.0954,0.0908,0.0743,0.0459,0.0345
3.45,R:\Optics Share\Israel\PetachTekva_PRoj\output_directory\80cm_Fujinon_6mm_YT 35_05_MTF.bmp,H,1,0.9797,0.9332,0.8755,0.8037,0.7356,0.663,0.5753,0.4948,0.4183,0.3463,0.2889,0.2358,0.1879,0.1396,0.0945,0.0575,0.0296,0.0124,0.0122,0.0197,0.0264,0.0326,0.0368,0.0358,0.0396,0.045,0.0445,0.0397,0.0329,0.0242,0.0258,0.0406,0.0546,0.0583,0.0474
3.45,R:\Optics Share\Israel\PetachTekva_PRoj\output_directory\80cm_Fujinon_6mm_YT 35_06_MTF.bmp,H,1,0.9819,0.9362,0.8757,0.8089,0.7347,0.6616,0.5938,0.5154,0.4349,0.3621,0.2957,0.2319,0.1824,0.1399,0.0989,0.0623,0.0311,0.0069,0.0094,0.0193,0.0284,0.0419,0.0618,0.0747,0.0758,0.069,0.0584,0.0417,0.0165,0.017,0.0434,0.0659,0.0837,0.092,0.0892
3.45,R:\Optics Share\Israel\PetachTekva_PRoj\output_directory\80cm_Fujinon_6mm_YT 8_68_MTF.bmp,V,1,0.9747,0.9253,0.8734,0.8104,0.7339,0.6518,0.5689,0.4886,0.4182,0.3512,0.2937,0.2386,0.1847,0.1346,0.0961,0.0662,0.0411,0.0187,0.0102,0.0299,0.0473,0.0569,0.0613,0.0613,0.062,0.0578,0.0511,0.0436,0.0368,0.0354,0.0336,0.0271,0.0272,0.0336,0.0489
3.45,R:\Optics Share\Israel\PetachTekva_PRoj\output_directory\80cm_Fujinon_6mm_YTL 20_63_MTF.bmp,V,1,0.9774,0.9242,0.8681,0.7974,0.7188,0.6444,0.5717,0.4982,0.4199,0.3492,0.288,0.2312,0.1782,0.1332,0.0966,0.0656,0.0382,0.0168,0.0123,0.0246,0.0338,0.0401,0.0432,0.0406,0.0379,0.0366,0.0403,0.0434,0.0422,0.0495,0.0578,0.0705,0.0724,0.0619,0.0564
3.45,R:\Optics Share\Israel\PetachTekva_PRoj\output_directory\80cm_Fujinon_6mm_YTL 21_15_MTF.bmp,H,1,0.9794,0.9313,0.8811,0.8179,0.7429,0.6618,0.5821,0.4974,0.4217,0.3546,0.3011,0.2437,0.1935,0.1448,0.1035,0.0671,0.0408,0.0201,0.01,0.0189,0.0336,0.0488,0.0605,0.0665,0.0575,0.0405,0.0289,0.0241,0.024,0.0335,0.0453,0.0563,0.0577,0.0507,0.0288
3.45,R:\Optics Share\Israel\PetachTekva_PRoj\output_directory\80cm_Fujinon_6mm_YTL 31_14_MTF.bmp,H,1,0.9749,0.9275,0.8698,0.7951,0.7126,0.6387,0.5617,0.4858,0.4056,0.3267,0.2605,0.2049,0.1558,0.1128,0.0751,0.0443,0.0228,0.0091,0.0034,0.0136,0.0216,0.0267,0.0292,0.0294,0.024,0.023,0.0379,0.0537,0.0702,0.078,0.0721,0.0528,0.0239,0.0302,0.0502
3.45,R:\Optics Share\Israel\PetachTekva_PRoj\output_directory\80cm_Fujinon_6mm_YTL 32_54_MTF.bmp,V,1,0.9743,0.9162,0.8529,0.7784,0.6995,0.62,0.536,0.4551,0.3776,0.3018,0.2469,0.2024,0.1558,0.1167,0.0796,0.0475,0.0245,0.01,0.0066,0.015,0.0266,0.0387,0.0465,0.0494,0.0498,0.0453,0.0404,0.0401,0.0398,0.041,0.0402,0.0331,0.0227,0.03,0.0531
3.45,R:\Optics Share\Israel\PetachTekva_PRoj\output_directory\80cm_Fujinon_6mm_YTL 33_62_MTF.bmp,V,1,0.9797,0.9318,0.869,0.7936,0.7265,0.649,0.5628,0.4832,0.4063,0.339,0.2813,0.2243,0.1693,0.1244,0.0871,0.0564,0.0322,0.0137,0.0036,0.0176,0.0289,0.0356,0.0381,0.0398,0.044,0.0434,0.0488,0.0553,0.0552,0.0412,0.0243,0.0415,0.0539,0.0405,0.0059
3.45,R:\Optics Share\Israel\PetachTekva_PRoj\output_directory\80cm_Fujinon_6mm_YTL 41_04_MTF.bmp,H,1,0.9789,0.928,0.8653,0.794,0.7173,0.6364,0.5457,0.4532,0.3805,0.3144,0.2559,0.2012,0.1559,0.1199,0.085,0.055,0.029,0.0102,0.0106,0.0168,0.0201,0.0236,0.027,0.0259,0.0219,0.0235,0.0246,0.024,0.0223,0.0273,0.0287,0.0272,0.017,0.0069,0.0232
3.45,R:\Optics Share\Israel\PetachTekva_PRoj\output_directory\80cm_Fujinon_6mm_YTL 41_53_MTF.bmp,V,1,0.9756,0.9188,0.8545,0.7836,0.7058,0.6183,0.5297,0.4528,0.3823,0.307,0.2419,0.1918,0.1484,0.111,0.0766,0.0493,0.0293,0.0169,0.0138,0.0223,0.034,0.0389,0.0345,0.0285,0.0262,0.025,0.0316,0.0496,0.0627,0.0508,0.0244,0.0129,0.0277,0.0422,0.0748
3.45,R:\Optics Share\Israel\PetachTekva_PRoj\output_directory\80cm_Fujinon_6mm_YTL 44_11_MTF.bmp,H,1,0.975,0.9189,0.8568,0.7824,0.6974,0.6143,0.5323,0.4459,0.3693,0.2953,0.234,0.1859,0.1433,0.1061,0.0719,0.0436,0.0231,0.0097,0.0038,0.0137,0.026,0.0331,0.0348,0.035,0.0428,0.0508,0.0487,0.0419,0.0397,0.0299,0.0064,0.0236,0.0523,0.0677,0.0571
3.45,R:\Optics Share\Israel\PetachTekva_PRoj\output_directory\80cm_Fujinon_6mm_YTL 51_01_MTF.bmp,H,1,0.9737,0.9201,0.8455,0.7747,0.6875,0.5979,0.5084,0.4209,0.3404,0.2811,0.2319,0.1851,0.1404,0.1005,0.0685,0.0418,0.0259,0.0138,0.0056,0.0124,0.0207,0.022,0.0158,0.0059,0.0079,0.025,0.0457,0.0668,0.0805,0.0739,0.0544,0.0431,0.0495,0.0695,0.0922
3.45,R:\Optics Share\Israel\PetachTekva_PRoj\output_directory\80cm_Fujinon_6mm_YTL 52_52_MTF.bmp,V,1,0.9729,0.9134,0.846,0.7665,0.6838,0.602,0.5203,0.4405,0.368,0.3053,0.2406,0.1817,0.1285,0.0874,0.059,0.0412,0.0308,0.0202,0.0099,0.0225,0.0379,0.042,0.033,0.0213,0.0262,0.0468,0.0572,0.0605,0.0712,0.0855,0.1055,0.1295,0.1421,0.1246,0.0737
3.45,R:\Optics Share\Israel\PetachTekva_PRoj\output_directory\80cm_Fujinon_6mm_YTL 62_03_MTF.bmp,H,1,0.9683,0.9074,0.8389,0.7504,0.6424,0.5471,0.4633,0.3699,0.2929,0.2377,0.1908,0.1519,0.115,0.0851,0.0594,0.0415,0.0259,0.0127,0.0086,0.0177,0.0254,0.0275,0.0246,0.024,0.0245,0.0221,0.0274,0.0368,0.0353,0.0172,0.0142,0.0362,0.0363,0.0286,0.0325
3.45,R:\Optics Share\Israel\PetachTekva_PRoj\output_directory\80cm_Fujinon_6mm_YTL 64_51_MTF.bmp,V,1,0.9737,0.919,0.8557,0.7815,0.6975,0.6034,0.5091,0.4205,0.3462,0.2803,0.2187,0.1643,0.1203,0.0868,0.0607,0.0398,0.023,0.0122,0.0067,0.0063,0.0104,0.016,0.0229,0.0274,0.0249,0.0163,0.0035,0.0208,0.0249,0.0167,0.0293,0.0577,0.0719,0.062,0.0423
3.45,R:\Optics Share\Israel\PetachTekva_PRoj\output_directory\80cm_Fujinon_6mm_YTL 69_02_MTF.bmp,H,1,0.9832,0.926,0.8419,0.744,0.6388,0.5414,0.4521,0.373,0.2862,0.2161,0.1563,0.1086,0.0797,0.0592,0.0411,0.0239,0.0124,0.0059,0.0088,0.0129,0.0085,0.0101,0.0153,0.0066,0.0167,0.0256,0.0304,0.0309,0.0413,0.0682,0.0843,0.0673,0.0145,0.072,0.1269
3.45,R:\Optics Share\Israel\PetachTekva_PRoj\output_directory\80cm_Fujinon_6mm_YTR 20_64_MTF.bmp,V,1,0.9751,0.9224,0.8653,0.8005,0.7305,0.6564,0.5703,0.4858,0.4165,0.3505,0.2889,0.2346,0.1883,0.145,0.1044,0.0683,0.0391,0.0178,0.0049,0.0137,0.0261,0.0379,0.0473,0.0493,0.0435,0.0411,0.0424,0.0444,0.0459,0.0505,0.0567,0.0581,0.0541,0.0526,0.0645
3.45,R:\Optics Share\Israel\PetachTekva_PRoj\output_directory\80cm_Fujinon_6mm_YTR 21_16_MTF.bmp,H,1,0.9785,0.9331,0.8836,0.8182,0.7466,0.676,0.5948,0.5151,0.4378,0.3638,0.2962,0.238,0.1877,0.1468,0.1084,0.0744,0.0452,0.022,0.0127,0.0219,0.0302,0.0378,0.044,0.0467,0.0534,0.0758,0.0978,0.1082,0.1075,0.0898,0.0627,0.0329,0.0354,0.0615,0.0793
3.45,R:\Optics Share\Israel\PetachTekva_PRoj\output_directory\80cm_Fujinon_6mm_YTR 32_17_MTF.bmp,H,1,0.9797,0.934,0.8753,0.8095,0.7398,0.6549,0.5671,0.4881,0.4115,0.3435,0.2831,0.226,0.1751,0.1283,0.0897,0.0559,0.0305,0.0134,0.0111,0.0189,0.0307,0.0436,0.051,0.0557,0.0551,0.0507,0.0538,0.0566,0.0514,0.0441,0.0284,0.0187,0.0417,0.0613,0.0761
3.45,R:\Optics Share\Israel\PetachTekva_PRoj\output_directory\80cm_Fujinon_6mm_YTR 33_56_MTF.bmp,V,1,0.9716,0.9185,0.8524,0.7794,0.7084,0.6322,0.5475,0.4688,0.3961,0.3266,0.2586,0.2015,0.156,0.1151,0.0843,0.0535,0.0306,0.0094,0.0027,0.0124,0.0175,0.0239,0.0274,0.0342,0.0415,0.0426,0.0414,0.0333,0.027,0.0237,0.0226,0.0237,0.0309,0.0347,0.0384
3.45,R:\Optics Share\Israel\PetachTekva_PRoj\output_directory\80cm_Fujinon_6mm_YTR 34_65_MTF.bmp,V,1,0.9777,0.9263,0.8738,0.8123,0.7359,0.6433,0.5676,0.4919,0.427,0.3665,0.3035,0.2354,0.1761,0.1292,0.0917,0.0652,0.0423,0.0214,0.0043,0.0201,0.0346,0.0414,0.0412,0.0394,0.0488,0.0629,0.07,0.0752,0.0724,0.0604,0.0386,0.0115,0.0229,0.0514,0.0774
3.45,R:\Optics Share\Israel\PetachTekva_PRoj\output_directory\80cm_Fujinon_6mm_YTR 42_07_MTF.bmp,H,1,0.9825,0.9411,0.8832,0.8039,0.7287,0.6501,0.5675,0.4804,0.4039,0.3335,0.2743,0.2177,0.1709,0.1259,0.0893,0.0555,0.0308,0.0115,0.0029,0.0121,0.0218,0.0361,0.0521,0.0647,0.0623,0.0541,0.0385,0.0315,0.0375,0.0376,0.0293,0.0163,0.0168,0.0217,0.0225
3.45,R:\Optics Share\Israel\PetachTekva_PRoj\output_directory\80cm_Fujinon_6mm_YTR 42_57_MTF.bmp,V,1,0.9749,0.9207,0.8554,0.7879,0.7046,0.6186,0.5399,0.4562,0.3806,0.3262,0.2741,0.2158,0.1634,0.1163,0.0813,0.0524,0.0323,0.0158,0.0129,0.02,0.0271,0.0327,0.0292,0.0243,0.029,0.0355,0.0393,0.0348,0.0302,0.0228,0.023,0.0436,0.0693,0.0845,0.0805
3.45,R:\Optics Share\Israel\PetachTekva_PRoj\output_directory\80cm_Fujinon_6mm_YTR 45_18_MTF.bmp,H,1,0.9781,0.9321,0.8718,0.789,0.7001,0.607,0.517,0.4426,0.3702,0.2955,0.2346,0.1809,0.1402,0.1069,0.0786,0.0519,0.0299,0.0137,0.0148,0.0232,0.0216,0.0139,0.0103,0.0149,0.02,0.0365,0.0497,0.0485,0.0365,0.015,0.0192,0.0254,0.0275,0.0434,0.0562
3.45,R:\Optics Share\Israel\PetachTekva_PRoj\output_directory\80cm_Fujinon_6mm_YTR 52_08_MTF.bmp,H,1,0.9774,0.9234,0.8604,0.785,0.6937,0.6057,0.5283,0.4499,0.3713,0.2922,0.2287,0.1745,0.1296,0.0937,0.0619,0.035,0.0122,0.0034,0.0101,0.0109,0.0135,0.0216,0.0346,0.0456,0.0422,0.0299,0.0167,0.0083,0.0208,0.0359,0.0519,0.0696,0.0809,0.0808,0.0761
3.45,R:\Optics Share\Israel\PetachTekva_PRoj\output_directory\80cm_Fujinon_6mm_YTR 54_58_MTF.bmp,V,1,0.9758,0.921,0.8538,0.7771,0.7044,0.6286,0.5422,0.4615,0.382,0.3056,0.2437,0.1929,0.1508,0.1151,0.0819,0.0511,0.0263,0.0098,0.0037,0.0068,0.0127,0.0231,0.0357,0.0459,0.0437,0.0351,0.0204,0.0251,0.0301,0.0211,0.0114,0.0015,0.0133,0.0456,0.0895
3.45,R:\Optics Share\Israel\PetachTekva_PRoj\output_directory\80cm_Fujinon_6mm_YTR 64_09_MTF.bmp,H,1,0.9735,0.9137,0.8354,0.7453,0.6542,0.5606,0.4667,0.3809,0.3105,0.2552,0.2018,0.1535,0.1129,0.0811,0.0588,0.0381,0.0191,0.0029,0.0052,0.0057,0.0037,0.007,0.0155,0.0207,0.024,0.0163,0.0164,0.0087,0.0286,0.0671,0.081,0.0548,0.0193,0.0596,0.0742
3.45,R:\Optics Share\Israel\PetachTekva_PRoj\output_directory\80cm_Fujinon_6mm_YTR 66_59_MTF.bmp,V,1,0.9791,0.9285,0.8714,0.7998,0.7156,0.6229,0.5366,0.4618,0.3842,0.3146,0.2568,0.2104,0.166,0.1245,0.0875,0.0559,0.0277,0.0072,0.0069,0.0127,0.0172,0.0258,0.037,0.0403,0.0349,0.0345,0.037,0.0414,0.0536,0.0552,0.0554,0.0548,0.0582,0.0655,0.0804
3.45,R:\Optics Share\Israel\PetachTekva_PRoj\output_directory\80cm_Fujinon_6mm_YTR 72_10_MTF.bmp,H,1,0.9714,0.9096,0.8257,0.7376,0.6385,0.5373,0.4264,0.3317,0.2608,0.2179,0.1803,0.1372,0.0976,0.0659,0.0457,0.0347,0.0256,0.0144,0.0095,0.0177,0.0238,0.0257,0.0326,0.0415,0.0454,0.0507,0.0566,0.0572,0.0527,0.0464,0.0383,0.0341,0.0254,0.02,0.0455
3.45,R:\Optics Share\Israel\PetachTekva_PRoj\output_directory\80cm_VS_6mm_YB 24_82_MTF.bmp,V,1,0.9709,0.9177,0.8554,0.789,0.7092,0.6172,0.5282,0.4532,0.3918,0.3309,0.2684,0.2035,0.152,0.111,0.0826,0.0574,0.0365,0.0139,0.0075,0.0245,0.0336,0.0378,0.0457,0.0548,0.0611,0.0692,0.0701,0.0675,0.0687,0.0631,0.0528,0.0428,0.0336,0.0317,0.0347
3.45,R:\Optics Share\Israel\PetachTekva_PRoj\output_directory\80cm_VS_6mm_YB 30_46_MTF.bmp,H,1,0.9789,0.9357,0.883,0.8165,0.7367,0.6512,0.5699,0.5007,0.4404,0.3744,0.3133,0.2557,0.2029,0.1546,0.1105,0.0716,0.0406,0.0167,0.0118,0.025,0.0374,0.0519,0.0648,0.0671,0.0607,0.0434,0.0281,0.0347,0.0416,0.0484,0.0497,0.0466,0.0377,0.0263,0.0404
3.45,R:\Optics Share\Israel\PetachTekva_PRoj\output_directory\80cm_VS_6mm_YBL 18_35_MTF.bmp,H,1,0.9784,0.9323,0.8759,0.8074,0.7282,0.652,0.5768,0.4879,0.4043,0.3415,0.2857,0.232,0.1808,0.1371,0.0979,0.0651,0.0345,0.0143,0.0159,0.0231,0.0308,0.0376,0.0494,0.0633,0.0713,0.0723,0.0661,0.0535,0.0395,0.0307,0.0332,0.0434,0.0525,0.0569,0.0542
3.45,R:\Optics Share\Israel\PetachTekva_PRoj\output_directory\80cm_VS_6mm_YBL 20_73_MTF.bmp,V,1,0.9758,0.9219,0.8566,0.7844,0.711,0.6401,0.5556,0.4876,0.419,0.3459,0.2869,0.2313,0.1794,0.1315,0.0938,0.0619,0.0365,0.0172,0.0127,0.0243,0.0351,0.0412,0.0477,0.0577,0.0695,0.0728,0.0675,0.0674,0.0699,0.0756,0.0835,0.0865,0.0827,0.0701,0.0457
3.45,R:\Optics Share\Israel\PetachTekva_PRoj\output_directory\80cm_VS_6mm_YBL 30_81_MTF.bmp,V,1,0.9717,0.9204,0.8565,0.7726,0.6842,0.6201,0.5473,0.4598,0.3948,0.3414,0.288,0.2364,0.184,0.1346,0.0941,0.0601,0.0356,0.0152,0.0012,0.0166,0.0289,0.0385,0.0452,0.0458,0.0437,0.0446,0.0443,0.0478,0.0424,0.0391,0.041,0.0562,0.0792,0.1004,0.1127
3.45,R:\Optics Share\Israel\PetachTekva_PRoj\output_directory\80cm_VS_6mm_YBL 31_34_MTF.bmp,H,1,0.9823,0.9344,0.8725,0.7994,0.7249,0.6419,0.5548,0.4717,0.4048,0.3401,0.2718,0.2101,0.159,0.1172,0.0832,0.0544,0.0306,0.0111,0.0079,0.0179,0.0225,0.0284,0.037,0.0428,0.047,0.0517,0.0508,0.0461,0.0329,0.0131,0.0079,0.007,0.007,0.0081,0.0038
3.45,R:\Optics Share\Israel\PetachTekva_PRoj\output_directory\80cm_VS_6mm_YBL 31_45_MTF.bmp,H,1,0.9817,0.9381,0.8825,0.8062,0.7247,0.6395,0.5582,0.4814,0.4081,0.3448,0.2855,0.2265,0.1702,0.1251,0.0891,0.0607,0.0343,0.013,0.0157,0.0306,0.0435,0.0508,0.0572,0.0594,0.0585,0.0489,0.0355,0.0324,0.0362,0.0421,0.0489,0.049,0.0379,0.0263,0.0488
3.45,R:\Optics Share\Israel\PetachTekva_PRoj\output_directory\80cm_VS_6mm_YBL 3_69_MTF.bmp,V,1,0.9683,0.9078,0.8387,0.7588,0.6693,0.581,0.4909,0.4,0.326,0.2687,0.2177,0.1659,0.1166,0.0787,0.0562,0.0396,0.0278,0.0142,0.0113,0.0232,0.0277,0.0227,0.0206,0.0348,0.0455,0.0634,0.0854,0.0938,0.0875,0.0703,0.053,0.0463,0.0648,0.1057,0.1377
3.45,R:\Optics Share\Israel\PetachTekva_PRoj\output_directory\80cm_VS_6mm_YBL 40_44_MTF.bmp,H,1,0.9806,0.9336,0.8639,0.7839,0.7058,0.6136,0.5259,0.4388,0.3581,0.2893,0.2331,0.1795,0.14,0.0997,0.067,0.0428,0.0272,0.0129,0.0045,0.0131,0.0241,0.0344,0.0365,0.0305,0.029,0.0371,0.036,0.038,0.0489,0.0577,0.0472,0.0343,0.0291,0.0315,0.0446
3.45,R:\Optics Share\Israel\PetachTekva_PRoj\output_directory\80cm_VS_6mm_YBL 41_80_MTF.bmp,V,1,0.9763,0.9195,0.8527,0.7716,0.6897,0.6145,0.5491,0.4695,0.3827,0.3082,0.2469,0.195,0.1449,0.1058,0.0726,0.0488,0.0286,0.0173,0.0117,0.0152,0.0258,0.0377,0.0498,0.0613,0.062,0.045,0.0207,0.0305,0.049,0.0523,0.032,0.019,0.0405,0.0428,0.0117
3.45,R:\Optics Share\Israel\PetachTekva_PRoj\output_directory\80cm_VS_6mm_YBL 52_41_MTF.bmp,H,1,0.9738,0.9176,0.8391,0.7501,0.6382,0.5216,0.4303,0.3581,0.289,0.223,0.1647,0.1153,0.0749,0.0477,0.03,0.0186,0.0108,0.0048,0.0019,0.004,0.0103,0.012,0.0098,0.0221,0.0398,0.0427,0.0324,0.014,0.014,0.0321,0.0552,0.0661,0.0416,0.0243,0.0915
3.45,R:\Optics Share\Israel\PetachTekva_PRoj\output_directory\80cm_VS_6mm_YBL 54_79_MTF.bmp,V,1,0.9744,0.9138,0.8404,0.7476,0.6514,0.5579,0.4697,0.3873,0.3102,0.2413,0.1905,0.1472,0.1082,0.0793,0.054,0.0338,0.0179,0.0094,0.0084,0.0128,0.0167,0.0216,0.0242,0.0266,0.0255,0.0173,0.0051,0.0029,0.0045,0.0053,0.0096,0.027,0.0473,0.0588,0.0548
3.45,R:\Optics Share\Israel\PetachTekva_PRoj\output_directory\80cm_VS_6mm_YBL 66_43_MTF.bmp,H,1,0.9744,0.8981,0.8026,0.6862,0.5647,0.4449,0.3487,0.2659,0.1896,0.1238,0.0753,0.0543,0.0355,0.0194,0.0077,0.0084,0.0104,0.0102,0.011,0.0185,0.017,0.0071,0.0057,0.0119,0.0379,0.0462,0.0316,0.0038,0.023,0.0259,0.0326,0.0385,0.0308,0.0303,0.0385
3.45,R:\Optics Share\Israel\PetachTekva_PRoj\output_directory\80cm_VS_6mm_YBR 15_36_MTF.bmp,H,1,0.9768,0.9261,0.8726,0.8037,0.7152,0.631,0.5676,0.4978,0.4233,0.3542,0.2865,0.2238,0.1687,0.1281,0.094,0.0661,0.0412,0.0182,0.0106,0.0254,0.0373,0.0453,0.0499,0.055,0.0653,0.0681,0.0659,0.0522,0.0371,0.0226,0.0162,0.0186,0.0194,0.0231,0.0273
3.45,R:\Optics Share\Israel\PetachTekva_PRoj\output_directory\80cm_VS_6mm_YBR 15_74_MTF.bmp,V,1,0.9767,0.923,0.8626,0.7862,0.7049,0.6267,0.5456,0.4638,0.3869,0.3237,0.2603,0.2049,0.1592,0.1194,0.0852,0.0572,0.0334,0.0135,0.011,0.0287,0.0391,0.0449,0.0445,0.0355,0.026,0.0245,0.0242,0.0218,0.0287,0.0297,0.0319,0.0381,0.0516,0.0754,0.0887
3.45,R:\Optics Share\Israel\PetachTekva_PRoj\output_directory\80cm_VS_6mm_YBR 27_37_MTF.bmp,H,1,0.9818,0.9382,0.8781,0.8034,0.723,0.63,0.5539,0.4809,0.4084,0.3407,0.2781,0.2149,0.1651,0.1254,0.0911,0.0658,0.0436,0.0233,0.0107,0.0245,0.0412,0.0502,0.0561,0.0646,0.0783,0.0902,0.0939,0.0939,0.0836,0.067,0.0525,0.0589,0.0824,0.1093,0.1255
3.45,R:\Optics Share\Israel\PetachTekva_PRoj\output_directory\80cm_VS_6mm_YBR 27_83_MTF.bmp,V,1,0.9707,0.9176,0.8555,0.7792,0.7014,0.6263,0.5497,0.4723,0.4042,0.3374,0.2727,0.2187,0.1748,0.1339,0.0973,0.064,0.0364,0.0127,0.0126,0.024,0.025,0.0197,0.0284,0.038,0.0367,0.037,0.0409,0.0286,0.0354,0.0643,0.0831,0.0859,0.082,0.1052,0.1309
3.45,R:\Optics Share\Israel\PetachTekva_PRoj\output_directory\80cm_VS_6mm_YBR 37_47_MTF.bmp,H,1,0.9765,0.9279,0.8684,0.797,0.7244,0.6465,0.5598,0.4804,0.406,0.3304,0.2625,0.207,0.1612,0.1231,0.0912,0.0627,0.0371,0.0148,0.0077,0.0146,0.0183,0.02,0.0278,0.0417,0.0486,0.0552,0.0643,0.0699,0.0707,0.0633,0.0508,0.0315,0.0111,0.0336,0.0507
3.45,R:\Optics Share\Israel\PetachTekva_PRoj\output_directory\80cm_VS_6mm_YBR 37_84_MTF.bmp,V,1,0.9763,0.9237,0.8677,0.7946,0.7121,0.6288,0.5474,0.4679,0.3974,0.3241,0.2595,0.2086,0.1616,0.1211,0.0867,0.0597,0.0353,0.0166,0.008,0.019,0.0322,0.0428,0.0508,0.0564,0.0553,0.048,0.0315,0.0206,0.0231,0.0353,0.0685,0.1071,0.1366,0.1374,0.1123
3.45,R:\Optics Share\Israel\PetachTekva_PRoj\output_directory\80cm_VS_6mm_YBR 49_48_MTF.bmp,H,1,0.9792,0.9285,0.8622,0.7807,0.6796,0.5868,0.5126,0.4339,0.3598,0.2956,0.2393,0.1843,0.1376,0.1049,0.0798,0.0543,0.0302,0.0128,0.0158,0.0204,0.019,0.0177,0.0279,0.0402,0.0489,0.0631,0.0607,0.0458,0.0358,0.0287,0.0328,0.0508,0.0663,0.0743,0.0873
3.45,R:\Optics Share\Israel\PetachTekva_PRoj\output_directory\80cm_VS_6mm_YBR 51_85_MTF.bmp,V,1,0.9728,0.918,0.8592,0.7917,0.7058,0.6194,0.544,0.4683,0.3947,0.315,0.2461,0.1908,0.1447,0.112,0.0833,0.0613,0.0363,0.014,0.0102,0.0199,0.0231,0.0235,0.029,0.0392,0.0523,0.0652,0.0722,0.0631,0.0359,0.002,0.0255,0.0523,0.0664,0.0747,0.0771
3.45,R:\Optics Share\Israel\PetachTekva_PRoj\output_directory\80cm_VS_6mm_YBR 63_49_MTF.bmp,H,1,0.9739,0.9126,0.8338,0.7478,0.6443,0.5439,0.4575,0.3798,0.3048,0.2331,0.1686,0.1201,0.0881,0.0666,0.05,0.0345,0.0171,0.0023,0.0097,0.0121,0.0083,0.0079,0.0192,0.0289,0.0296,0.0303,0.0357,0.042,0.0491,0.0696,0.0952,0.1116,0.1111,0.0863,0.0492
3.45,R:\Optics Share\Israel\PetachTekva_PRoj\output_directory\80cm_VS_6mm_YBR 72_50_MTF.bmp,H,1,0.9792,0.9132,0.8296,0.7211,0.6089,0.4973,0.4019,0.3167,0.2367,0.1595,0.1014,0.0824,0.0736,0.0538,0.0285,0.013,0.0103,0.0059,0.0049,0.0136,0.0147,0.004,0.0125,0.0374,0.0466,0.0361,0.0187,0.0051,0.0279,0.0512,0.0667,0.0739,0.0729,0.068,0.0709
3.45,R:\Optics Share\Israel\PetachTekva_PRoj\output_directory\80cm_VS_6mm_YL 13_25_MTF.bmp,H,1,0.9831,0.9398,0.8773,0.7982,0.7217,0.6516,0.5701,0.4864,0.4059,0.3329,0.2765,0.2218,0.1729,0.1307,0.0996,0.0706,0.0435,0.0168,0.0083,0.0225,0.0262,0.0278,0.0329,0.0371,0.0416,0.0568,0.0661,0.0628,0.061,0.0598,0.0581,0.0604,0.063,0.0625,0.0572
3.45,R:\Optics Share\Israel\PetachTekva_PRoj\output_directory\80cm_VS_6mm_YL 28_24_MTF.bmp,H,1,0.9758,0.9214,0.8552,0.7886,0.7089,0.629,0.5542,0.4693,0.3885,0.3199,0.2594,0.2068,0.1627,0.1172,0.0809,0.0487,0.0256,0.0081,0.0077,0.018,0.0269,0.0374,0.0525,0.0633,0.0665,0.0686,0.0616,0.052,0.0425,0.0409,0.0458,0.0481,0.0504,0.0518,0.0473
3.45,R:\Optics Share\Israel\PetachTekva_PRoj\output_directory\80cm_VS_6mm_YL 34_72_MTF.bmp,V,1,0.9781,0.9268,0.8604,0.7884,0.7187,0.6455,0.5614,0.4803,0.4087,0.3461,0.2842,0.2245,0.1748,0.1321,0.0967,0.065,0.0367,0.0153,0.0156,0.0264,0.0354,0.047,0.0588,0.0688,0.0675,0.0575,0.0438,0.0279,0.0252,0.0285,0.0438,0.0571,0.0634,0.0539,0.03
3.45,R:\Optics Share\Israel\PetachTekva_PRoj\output_directory\80cm_VS_6mm_YL 36_62_MTF.bmp,V,1,0.9769,0.9248,0.8623,0.7876,0.7154,0.6461,0.5771,0.4983,0.4252,0.354,0.2791,0.2207,0.1753,0.1378,0.1062,0.0787,0.051,0.0249,0.0114,0.028,0.0412,0.0481,0.0493,0.0471,0.0449,0.0342,0.0196,0.0075,0.0098,0.0343,0.0639,0.0802,0.0713,0.0375,0.0156
3.45,R:\Optics Share\Israel\PetachTekva_PRoj\output_directory\80cm_VS_6mm_YL 44_21_MTF.bmp,H,1,0.9743,0.9178,0.8526,0.7716,0.6875,0.5992,0.5179,0.435,0.3548,0.2858,0.2302,0.1842,0.1421,0.1048,0.0703,0.0411,0.0231,0.0151,0.0134,0.0134,0.0209,0.0369,0.0476,0.0454,0.031,0.0205,0.0279,0.0381,0.0383,0.0316,0.0232,0.0259,0.0349,0.0354,0.0472
3.45,R:\Optics Share\Israel\PetachTekva_PRoj\output_directory\80cm_VS_6mm_YL 46_31_MTF.bmp,H,1,0.9764,0.9202,0.8459,0.7617,0.6712,0.5711,0.4819,0.4118,0.3347,0.257,0.194,0.14,0.1067,0.0823,0.0628,0.0424,0.0239,0.0095,0.0048,0.0082,0.008,0.012,0.0203,0.0226,0.0069,0.0249,0.0537,0.061,0.0441,0.0205,0.0286,0.0377,0.0216,0.0298,0.0588
3.45,R:\Optics Share\Israel\PetachTekva_PRoj\output_directory\80cm_VS_6mm_YL 47_11_MTF.bmp,H,1,0.9732,0.9165,0.8394,0.7641,0.6781,0.5796,0.4789,0.3907,0.3118,0.2451,0.1968,0.1501,0.1117,0.0818,0.058,0.0384,0.0234,0.0112,0.0016,0.0085,0.0184,0.0232,0.0224,0.0222,0.0239,0.0176,0.006,0.0036,0.0117,0.0328,0.053,0.0703,0.074,0.0593,0.0378
3.45,R:\Optics Share\Israel\PetachTekva_PRoj\output_directory\80cm_VS_6mm_YL 49_71_MTF.bmp,V,1,0.9702,0.8991,0.8196,0.7399,0.6724,0.607,0.5301,0.4403,0.3542,0.2847,0.2303,0.194,0.1518,0.1114,0.0771,0.0509,0.0318,0.0187,0.0065,0.0157,0.0299,0.0363,0.0349,0.0292,0.0279,0.0406,0.0541,0.0643,0.0758,0.0654,0.0426,0.0266,0.0354,0.0727,0.1241
3.45,R:\Optics Share\Israel\PetachTekva_PRoj\output_directory\80cm_VS_6mm_YL 50_61_MTF.bmp,V,1,0.9747,0.9162,0.8469,0.7691,0.6872,0.6048,0.5248,0.4518,0.3723,0.2964,0.2332,0.1833,0.1421,0.1061,0.0768,0.0486,0.0259,0.0093,0.0062,0.0134,0.0214,0.0327,0.0471,0.0621,0.072,0.0662,0.0501,0.0436,0.0542,0.0548,0.0395,0.0178,0.0257,0.028,0.0128
3.45,R:\Optics Share\Israel\PetachTekva_PRoj\output_directory\80cm_VS_6mm_YL 59_23_MTF.bmp,H,1,0.9749,0.9026,0.8144,0.7134,0.6031,0.4901,0.3992,0.3102,0.2247,0.1639,0.1157,0.0834,0.059,0.04,0.0226,0.0133,0.0096,0.0082,0.004,0.0055,0.0167,0.0213,0.0152,0.0084,0.0191,0.0219,0.0182,0.0074,0.0157,0.0259,0.0184,0.004,0.0154,0.0185,0.0115
3.45,R:\Optics Share\Israel\PetachTekva_PRoj\output_directory\80cm_VS_6mm_YL 60_33_MTF.bmp,H,1,0.9712,0.9008,0.8058,0.6996,0.5926,0.4819,0.3824,0.2955,0.2179,0.1516,0.1102,0.0798,0.0548,0.032,0.019,0.0135,0.0087,0.0037,0.0032,0.0102,0.0131,0.0122,0.0112,0.0102,0.006,0.0078,0.0035,0.0159,0.0279,0.032,0.0465,0.0554,0.0428,0.044,0.0603
3.45,R:\Optics Share\Israel\PetachTekva_PRoj\output_directory\80cm_VS_6mm_YL 62_13_MTF.bmp,H,1,0.9703,0.9002,0.8092,0.7054,0.5925,0.4841,0.3826,0.2968,0.2301,0.1746,0.127,0.0834,0.0514,0.0302,0.0204,0.0145,0.0074,0.0026,0.0108,0.0115,0.0109,0.0087,0.0052,0.0056,0.0197,0.0243,0.0253,0.0228,0.0264,0.0458,0.0592,0.0517,0.0289,0.0123,0.0329
3.45,R:\Optics Share\Israel\PetachTekva_PRoj\output_directory\80cm_VS_6mm_YL 64_70_MTF.bmp,V,1,0.9701,0.8985,0.8067,0.7032,0.6033,0.5066,0.4196,0.3385,0.2617,0.1885,0.1416,0.103,0.0669,0.0426,0.0274,0.0187,0.012,0.0041,0.0056,0.0088,0.0082,0.0066,0.0079,0.0132,0.0217,0.0275,0.0508,0.0694,0.0699,0.0696,0.0953,0.1226,0.1135,0.0626,0.0431
3.45,R:\Optics Share\Israel\PetachTekva_PRoj\output_directory\80cm_VS_6mm_YL 65_60_MTF.bmp,V,1,0.9785,0.9057,0.8229,0.7246,0.6235,0.5179,0.4317,0.3505,0.2762,0.218,0.1657,0.123,0.0812,0.0524,0.0278,0.0162,0.0066,0.0049,0.0035,0.0022,0.0056,0.0142,0.0222,0.0305,0.0301,0.0152,0.0049,0.0119,0.0152,0.0175,0.0417,0.0631,0.068,0.0603,0.0399
3.45,R:\Optics Share\Israel\PetachTekva_PRoj\output_directory\80cm_VS_6mm_YL 68_78_MTF.bmp,V,1,0.971,0.8964,0.796,0.6861,0.5802,0.465,0.3658,0.293,0.2218,0.1577,0.1109,0.0836,0.0583,0.0337,0.0165,0.0058,0.0049,0.0082,0.0088,0.0085,0.0141,0.0154,0.0182,0.0252,0.0291,0.0273,0.025,0.0162,0.0083,0.0161,0.0068,0.0292,0.0627,0.0637,0.0415
3.45,R:\Optics Share\Israel\PetachTekva_PRoj\output_directory\80cm_VS_6mm_YL 69_22_MTF.bmp,H,1,0.9694,0.8875,0.7829,0.6713,0.5601,0.4396,0.327,0.2518,0.1916,0.1423,0.1079,0.0738,0.0357,0.0089,0.0031,0.0079,0.0089,0.0038,0.0078,0.0109,0.0092,0.0105,0.0198,0.0247,0.0093,0.0183,0.0318,0.0217,0.0126,0.039,0.0387,0.0234,0.0592,0.0761,0.0645
3.45,R:\Optics Share\Israel\PetachTekva_PRoj\output_directory\80cm_VS_6mm_YL 70_32_MTF.bmp,H,1,0.9695,0.8915,0.7886,0.6715,0.5394,0.4075,0.3082,0.2277,0.1603,0.1185,0.0787,0.0449,0.0223,0.0126,0.0117,0.0118,0.0108,0.0092,0.0046,0.0057,0.0085,0.023,0.0392,0.0352,0.0088,0.03,0.0365,0.0232,0.0351,0.0618,0.0666,0.0633,0.0586,0.0527,0.0507
3.45,R:\Optics Share\Israel\PetachTekva_PRoj\output_directory\80cm_VS_6mm_YL 71_12_MTF.bmp,H,1,0.9657,0.89,0.7948,0.678,0.5474,0.4251,0.3212,0.2501,0.1775,0.1173,0.0736,0.0444,0.0315,0.0228,0.0218,0.0166,0.0103,0.0073,0.0097,0.0128,0.0189,0.0171,0.0103,0.011,0.0123,0.0135,0.0257,0.0347,0.0396,0.0464,0.0492,0.0433,0.0266,0.0084,0.0412
3.45,R:\Optics Share\Israel\PetachTekva_PRoj\output_directory\80cm_VS_6mm_YL 75_42_MTF.bmp,H,1,0.9664,0.8763,0.7614,0.6304,0.49,0.3563,0.2526,0.1738,0.1155,0.065,0.0238,0.0006,0.0094,0.0067,0.0033,0.0048,0.0039,0.0025,0.0036,0.0088,0.0144,0.0156,0.0166,0.0139,0.0293,0.0499,0.0546,0.0415,0.02,0.038,0.058,0.0479,0.0318,0.0564,0.0433
3.45,R:\Optics Share\Israel\PetachTekva_PRoj\output_directory\80cm_VS_6mm_YR 24_27_MTF.bmp,H,1,0.9771,0.9238,0.8558,0.7891,0.7138,0.6319,0.5464,0.4679,0.3989,0.3242,0.2592,0.205,0.1653,0.1264,0.0905,0.0588,0.0339,0.0132,0.0058,0.0177,0.0248,0.0287,0.0335,0.038,0.0375,0.0355,0.0332,0.0342,0.0392,0.0381,0.0313,0.0265,0.0259,0.0293,0.0328
3.45,R:\Optics Share\Israel\PetachTekva_PRoj\output_directory\80cm_VS_6mm_YR 30_75_MTF.bmp,V,1,0.973,0.9175,0.8577,0.7858,0.711,0.6385,0.5723,0.5056,0.4297,0.3531,0.2842,0.2255,0.1758,0.1352,0.102,0.0729,0.0454,0.0208,0.0075,0.023,0.0391,0.0525,0.0645,0.0754,0.0829,0.077,0.0713,0.0647,0.049,0.0307,0.023,0.0276,0.0325,0.0424,0.0607
3.45,R:\Optics Share\Israel\PetachTekva_PRoj\output_directory\80cm_VS_6mm_YR 40_28_MTF.bmp,H,1,0.9815,0.9364,0.8784,0.7993,0.71,0.6141,0.5328,0.4597,0.3872,0.3118,0.254,0.1958,0.1494,0.1083,0.0784,0.053,0.033,0.0142,0.0051,0.0167,0.0268,0.0334,0.0322,0.0292,0.022,0.0173,0.015,0.0144,0.0195,0.027,0.0322,0.0303,0.0193,0.0111,0.0088
3.45,R:\Optics Share\Israel\PetachTekva_PRoj\output_directory\80cm_VS_6mm_YR 42_38_MTF.bmp,H,1,0.9761,0.9227,0.8586,0.7807,0.6981,0.6185,0.5299,0.4364,0.3603,0.302,0.2487,0.2015,0.1596,0.1171,0.077,0.0479,0.0269,0.0155,0.0097,0.0019,0.0173,0.0296,0.0393,0.0417,0.0431,0.0481,0.05,0.0579,0.0778,0.0954,0.1057,0.1004,0.0894,0.0753,0.0462
3.45,R:\Optics Share\Israel\PetachTekva_PRoj\output_directory\80cm_VS_6mm_YR 45_76_MTF.bmp,V,1,0.9776,0.9288,0.8786,0.8139,0.7347,0.6486,0.5731,0.5019,0.4222,0.3535,0.2962,0.2373,0.179,0.1308,0.0902,0.0591,0.0345,0.0181,0.01,0.0183,0.0312,0.0403,0.0462,0.046,0.0424,0.0478,0.0525,0.0547,0.0562,0.0548,0.0453,0.0323,0.0217,0.0226,0.0154
3.45,R:\Optics Share\Israel\PetachTekva_PRoj\output_directory\80cm_VS_6mm_YR 46_66_MTF.bmp,V,1,0.9752,0.921,0.8579,0.7976,0.7276,0.6475,0.5667,0.4965,0.4204,0.3488,0.2874,0.2289,0.1773,0.1284,0.0913,0.0595,0.0367,0.013,0.0086,0.0287,0.0412,0.0468,0.0478,0.0509,0.0621,0.0751,0.0864,0.0867,0.0734,0.0558,0.0361,0.0109,0.0199,0.035,0.0347
3.45,R:\Optics Share\Israel\PetachTekva_PRoj\output_directory\80cm_VS_6mm_YR 55_29_MTF.bmp,H,1,0.9733,0.917,0.8406,0.751,0.6626,0.5712,0.4879,0.4113,0.3373,0.2594,0.1994,0.1552,0.1194,0.0935,0.0745,0.0543,0.0302,0.0099,0.0199,0.0266,0.0238,0.0182,0.011,0.0142,0.0264,0.0319,0.0205,0.0085,0.0237,0.0434,0.0647,0.0806,0.0855,0.0736,0.0537
3.45,R:\Optics Share\Israel\PetachTekva_PRoj\output_directory\80cm_VS_6mm_YR 57_39_MTF.bmp,H,1,0.9758,0.9154,0.8418,0.7571,0.6627,0.5778,0.4881,0.4008,0.3285,0.2611,0.2081,0.1636,0.1278,0.0907,0.0614,0.0383,0.0228,0.01,0.0013,0.0087,0.0149,0.0176,0.0163,0.0225,0.0265,0.0375,0.0503,0.0531,0.0521,0.055,0.0436,0.0224,0.0171,0.0303,0.0403
3.45,R:\Optics Share\Israel\PetachTekva_PRoj\output_directory\80cm_VS_6mm_YR 58_19_MTF.bmp,H,1,0.9718,0.9154,0.8483,0.7639,0.6689,0.5751,0.4812,0.3954,0.3232,0.2603,0.2087,0.1628,0.1205,0.0858,0.0587,0.0376,0.0225,0.0101,0.0067,0.0142,0.02,0.0267,0.0347,0.0357,0.0238,0.0097,0.0149,0.0217,0.0177,0.0059,0.0082,0.0128,0.0264,0.0519,0.0697
3.45,R:\Optics Share\Israel\PetachTekva_PRoj\output_directory\80cm_VS_6mm_YR 61_77_MTF.bmp,V,1,0.9708,0.9109,0.8484,0.7752,0.6999,0.6321,0.5521,0.4692,0.3865,0.3172,0.2596,0.2088,0.1645,0.1244,0.0881,0.0575,0.0328,0.0127,0.0026,0.0101,0.0132,0.0175,0.0237,0.0313,0.0405,0.0559,0.0712,0.087,0.0884,0.071,0.0392,0.0238,0.0366,0.0489,0.0557
3.45,R:\Optics Share\Israel\PetachTekva_PRoj\output_directory\80cm_VS_6mm_YR 62_67_MTF.bmp,V,1,0.9754,0.9193,0.8518,0.7843,0.7119,0.6254,0.5446,0.4711,0.3984,0.3276,0.2698,0.2172,0.169,0.1237,0.0886,0.0587,0.0375,0.0192,0.0063,0.0205,0.0375,0.0508,0.0549,0.0498,0.0374,0.0206,0.0051,0.0089,0.0162,0.0251,0.0229,0.0146,0.0221,0.0392,0.0459
3.45,R:\Optics Share\Israel\PetachTekva_PRoj\output_directory\80cm_VS_6mm_YR 65_86_MTF.bmp,V,1,0.9725,0.9105,0.8396,0.7585,0.6775,0.5977,0.5192,0.4375,0.3596,0.2929,0.2361,0.1894,0.1483,0.1036,0.0622,0.0333,0.0164,0.01,0.0067,0.004,0.0204,0.0365,0.0383,0.0328,0.0278,0.0255,0.0237,0.0318,0.0381,0.0459,0.0557,0.0602,0.0623,0.0595,0.0568
3.45,R:\Optics Share\Israel\PetachTekva_PRoj\output_directory\80cm_VS_6mm_YR 66_30_MTF.bmp,H,1,0.9712,0.9067,0.8175,0.7256,0.6236,0.5257,0.4298,0.3464,0.2716,0.2137,0.1652,0.1242,0.0926,0.0723,0.0495,0.033,0.0153,0.0037,0.0086,0.0111,0.0102,0.0097,0.0181,0.0187,0.0113,0.0103,0.0214,0.0322,0.0201,0.0246,0.0662,0.1031,0.1135,0.0847,0.0351
3.45,R:\Optics Share\Israel\PetachTekva_PRoj\output_directory\80cm_VS_6mm_YR 67_40_MTF.bmp,H,1,0.974,0.91,0.8246,0.7242,0.6202,0.5197,0.4355,0.3587,0.2829,0.212,0.1607,0.1232,0.0912,0.0617,0.0353,0.0174,0.0119,0.0092,0.0103,0.0181,0.0242,0.0241,0.0168,0.0142,0.0236,0.0373,0.0403,0.0281,0.0374,0.0584,0.0721,0.0671,0.0466,0.0202,0.0287
3.45,R:\Optics Share\Israel\PetachTekva_PRoj\output_directory\80cm_VS_6mm_YR 68_20_MTF.bmp,H,1,0.9756,0.9131,0.8372,0.7365,0.624,0.5168,0.4203,0.3303,0.2576,0.1975,0.1487,0.1065,0.0791,0.0602,0.0418,0.0238,0.0116,0.0082,0.0075,0.0078,0.0185,0.0258,0.0219,0.0091,0.0131,0.0081,0.0018,0.0033,0.0215,0.046,0.0601,0.051,0.0354,0.0551,0.0758
3.45,R:\Optics Share\Israel\PetachTekva_PRoj\output_directory\80cm_VS_6mm_YR 8_26_MTF.bmp,H,1,0.9785,0.9286,0.8655,0.798,0.7218,0.6406,0.5664,0.4896,0.4164,0.3407,0.2777,0.2153,0.1672,0.1284,0.1003,0.0719,0.0474,0.0238,0.0205,0.0299,0.0311,0.0294,0.0337,0.0398,0.0569,0.0825,0.0918,0.0882,0.0671,0.03,0.0088,0.025,0.0371,0.0516,0.0623
3.45,R:\Optics Share\Israel\PetachTekva_PRoj\output_directory\80cm_VS_6mm_YT 29_55_MTF.bmp,V,1,0.9778,0.9248,0.8619,0.7919,0.7119,0.6247,0.5522,0.48,0.3998,0.3328,0.2755,0.2213,0.175,0.1362,0.1002,0.0677,0.0374,0.0118,0.008,0.0193,0.0269,0.0325,0.04,0.0468,0.0474,0.0451,0.0276,0.008,0.0042,0.0022,0.0144,0.0351,0.0531,0.0634,0.0655
3.45,R:\Optics Share\Israel\PetachTekva_PRoj\output_directory\80cm_VS_6mm_YT 35_06_MTF.bmp,H,1,0.9775,0.9295,0.8743,0.8134,0.7476,0.6693,0.5806,0.4938,0.424,0.3505,0.2838,0.224,0.1764,0.1368,0.1014,0.0688,0.0426,0.0225,0.0136,0.0172,0.0284,0.0429,0.0602,0.0761,0.0911,0.0899,0.0749,0.0551,0.0351,0.0261,0.0208,0.0178,0.027,0.0426,0.0466
3.45,R:\Optics Share\Israel\PetachTekva_PRoj\output_directory\80cm_VS_6mm_YT 36_05_MTF.bmp,H,1,0.9818,0.935,0.8758,0.8074,0.725,0.6346,0.5615,0.4873,0.4144,0.3501,0.2868,0.2238,0.1732,0.1339,0.0984,0.0681,0.0408,0.0194,0.011,0.0221,0.0343,0.0395,0.0428,0.0457,0.0432,0.0376,0.0377,0.0277,0.0125,0.0165,0.0317,0.0485,0.0631,0.0687,0.0639
3.45,R:\Optics Share\Israel\PetachTekva_PRoj\output_directory\80cm_VS_6mm_YT 8_68_MTF.bmp,V,1,0.9761,0.9259,0.8622,0.7903,0.7133,0.6385,0.5605,0.4793,0.4051,0.34,0.2821,0.2264,0.1791,0.1334,0.0975,0.0646,0.0366,0.0127,0.0115,0.022,0.0293,0.0353,0.0445,0.0489,0.0523,0.0561,0.0667,0.0892,0.1001,0.09,0.074,0.0558,0.0504,0.0473,0.0393
3.45,R:\Optics Share\Israel\PetachTekva_PRoj\output_directory\80cm_VS_6mm_YTL 22_15_MTF.bmp,H,1,0.9781,0.9282,0.8707,0.8026,0.7242,0.6399,0.565,0.4928,0.4221,0.3548,0.2891,0.2319,0.1801,0.1363,0.0971,0.0646,0.0359,0.0122,0.0109,0.0254,0.0358,0.0446,0.0535,0.0633,0.0756,0.0891,0.1062,0.113,0.1112,0.1018,0.0858,0.0708,0.0564,0.0524,0.0561
3.45,R:\Optics Share\Israel\PetachTekva_PRoj\output_directory\80cm_VS_6mm_YTL 22_63_MTF.bmp,V,1,0.9759,0.9261,0.8625,0.7872,0.7131,0.6438,0.5707,0.4897,0.4092,0.3402,0.2833,0.2276,0.1799,0.1354,0.0958,0.0617,0.0358,0.0173,0.0093,0.0205,0.0389,0.0606,0.078,0.0848,0.0841,0.0741,0.0609,0.0573,0.0596,0.0665,0.0707,0.0822,0.0978,0.099,0.0788
3.45,R:\Optics Share\Israel\PetachTekva_PRoj\output_directory\80cm_VS_6mm_YTL 33_14_MTF.bmp,H,1,0.9757,0.9271,0.8595,0.7801,0.6951,0.6198,0.5435,0.4689,0.3995,0.3237,0.2566,0.1983,0.15,0.112,0.0851,0.0593,0.0385,0.0175,0.0082,0.0199,0.0277,0.0317,0.0349,0.0366,0.0453,0.0544,0.0515,0.0464,0.0419,0.0316,0.0203,0.0174,0.0146,0.0028,0.024
3.45,R:\Optics Share\Israel\PetachTekva_PRoj\output_directory\80cm_VS_6mm_YTL 33_54_MTF.bmp,V,1,0.9793,0.9314,0.8674,0.7993,0.7238,0.6393,0.5548,0.4767,0.4055,0.3351,0.2693,0.2094,0.1684,0.1298,0.0975,0.0661,0.0352,0.011,0.0154,0.0219,0.0206,0.0182,0.0297,0.0442,0.0534,0.0525,0.0389,0.0207,0.0186,0.0457,0.0642,0.067,0.0569,0.0574,0.077
3.45,R:\Optics Share\Israel\PetachTekva_PRoj\output_directory\80cm_VS_6mm_YTL 44_04_MTF.bmp,H,1,0.9775,0.9333,0.8731,0.7935,0.6963,0.6034,0.5235,0.4569,0.3795,0.3056,0.2396,0.1861,0.1418,0.1073,0.0803,0.0558,0.0306,0.0105,0.0129,0.0169,0.0151,0.0118,0.0152,0.0206,0.0226,0.019,0.0169,0.0266,0.0346,0.0329,0.0385,0.0552,0.0755,0.0889,0.0859
3.45,R:\Optics Share\Israel\PetachTekva_PRoj\output_directory\80cm_VS_6mm_YTL 44_53_MTF.bmp,V,1,0.9788,0.9291,0.8637,0.7948,0.7223,0.6365,0.5449,0.4603,0.3924,0.3274,0.2642,0.2038,0.1538,0.1141,0.0823,0.0565,0.0344,0.0116,0.0129,0.0294,0.0353,0.0311,0.0241,0.0217,0.0306,0.0497,0.0638,0.0703,0.0692,0.0579,0.0436,0.0364,0.0285,0.0129,0.0262
3.45,R:\Optics Share\Israel\PetachTekva_PRoj\output_directory\80cm_VS_6mm_YTL 55_01_MTF.bmp,H,1,0.9724,0.9147,0.831,0.7436,0.6471,0.5491,0.4506,0.3664,0.293,0.2324,0.1821,0.1288,0.0956,0.0627,0.0419,0.0217,0.0116,0.0039,0.0024,0.005,0.0122,0.0164,0.0225,0.0229,0.0248,0.0326,0.0342,0.0262,0.0642,0.1015,0.1065,0.0729,0.0276,0.0418,0.0514
3.45,R:\Optics Share\Israel\PetachTekva_PRoj\output_directory\80cm_VS_6mm_YTL 56_52_MTF.bmp,V,1,0.9738,0.9194,0.8501,0.7655,0.6655,0.5714,0.484,0.3965,0.3254,0.2675,0.2135,0.1662,0.1262,0.0904,0.0637,0.0417,0.0238,0.0063,0.0114,0.0181,0.0186,0.0204,0.0253,0.0342,0.0346,0.0329,0.0313,0.0332,0.0298,0.0233,0.0213,0.0243,0.0287,0.0346,0.0401
3.45,R:\Optics Share\Israel\PetachTekva_PRoj\output_directory\80cm_VS_6mm_YTL 68_03_MTF.bmp,H,1,0.965,0.8937,0.7958,0.6992,0.5909,0.48,0.3777,0.2978,0.2273,0.1656,0.1237,0.0847,0.059,0.0381,0.0288,0.0202,0.0165,0.0106,0.0061,0.0125,0.0165,0.0155,0.0128,0.025,0.0312,0.0352,0.037,0.036,0.0407,0.0459,0.0485,0.0484,0.0369,0.0107,0.02
3.45,R:\Optics Share\Israel\PetachTekva_PRoj\output_directory\80cm_VS_6mm_YTL 70_51_MTF.bmp,V,1,0.9696,0.8949,0.8002,0.7048,0.6083,0.5138,0.4112,0.3087,0.233,0.1804,0.1365,0.0994,0.0702,0.0441,0.025,0.0124,0.007,0.0051,0.0041,0.0054,0.0132,0.0188,0.0182,0.0103,0.0031,0.002,0.0114,0.0281,0.0423,0.0337,0.0196,0.0121,0.0162,0.0387,0.066
3.45,R:\Optics Share\Israel\PetachTekva_PRoj\output_directory\80cm_VS_6mm_YTL 77_02_MTF.bmp,H,1,0.9705,0.8844,0.7756,0.6528,0.5155,0.3858,0.2923,0.2207,0.1569,0.1029,0.06,0.0389,0.0292,0.0218,0.014,0.0091,0.006,0.0067,0.0022,0.0049,0.0059,0.0018,0.0056,0.0066,0.0087,0.021,0.0309,0.0362,0.0379,0.0445,0.0534,0.0556,0.0483,0.0347,0.0284
3.45,R:\Optics Share\Israel\PetachTekva_PRoj\output_directory\80cm_VS_6mm_YTR 19_64_MTF.bmp,V,1,0.9757,0.9197,0.8574,0.7861,0.7123,0.6382,0.555,0.4758,0.4016,0.3327,0.2718,0.2209,0.1758,0.1383,0.1025,0.0671,0.0343,0.0065,0.0133,0.0243,0.0309,0.0375,0.0481,0.0659,0.0763,0.0709,0.0602,0.0448,0.0374,0.0493,0.0687,0.0805,0.0788,0.0636,0.0429
3.45,R:\Optics Share\Israel\PetachTekva_PRoj\output_directory\80cm_VS_6mm_YTR 20_16_MTF.bmp,H,1,0.979,0.9338,0.8805,0.8163,0.7395,0.6585,0.5757,0.4958,0.4178,0.3476,0.294,0.2412,0.1879,0.1402,0.0973,0.0596,0.0308,0.012,0.0065,0.0123,0.0242,0.044,0.0652,0.0768,0.0788,0.0726,0.0637,0.0618,0.0757,0.0976,0.1051,0.0851,0.0387,0.0234,0.0704
3.45,R:\Optics Share\Israel\PetachTekva_PRoj\output_directory\80cm_VS_6mm_YTR 30_17_MTF.bmp,H,1,0.9805,0.9281,0.8604,0.7893,0.7141,0.6325,0.553,0.475,0.4022,0.3349,0.269,0.212,0.1629,0.1214,0.0859,0.0562,0.034,0.0192,0.0106,0.0182,0.0324,0.043,0.0481,0.054,0.0573,0.0569,0.0551,0.0573,0.0643,0.0596,0.0432,0.0187,0.0154,0.0367,0.0487
3.45,R:\Optics Share\Israel\PetachTekva_PRoj\output_directory\80cm_VS_6mm_YTR 31_56_MTF.bmp,V,1,0.9723,0.9157,0.8517,0.78,0.7022,0.6229,0.542,0.4653,0.3905,0.3239,0.2629,0.2044,0.1582,0.121,0.0932,0.067,0.0446,0.0226,0.0087,0.0169,0.0229,0.0251,0.0242,0.0284,0.0302,0.0359,0.0475,0.0539,0.0505,0.0397,0.0286,0.0227,0.0313,0.0412,0.0402
3.45,R:\Optics Share\Israel\PetachTekva_PRoj\output_directory\80cm_VS_6mm_YTR 32_65_MTF.bmp,V,1,0.9752,0.9193,0.8626,0.7864,0.7124,0.6371,0.5621,0.4898,0.4183,0.3529,0.2916,0.2325,0.1783,0.1336,0.0926,0.0628,0.0367,0.019,0.0137,0.0263,0.043,0.0552,0.0582,0.0521,0.0398,0.0341,0.0413,0.0584,0.0731,0.0817,0.0801,0.0704,0.0571,0.0518,0.0591
3.45,R:\Optics Share\Israel\PetachTekva_PRoj\output_directory\80cm_VS_6mm_YTR 41_07_MTF.bmp,H,1,0.9797,0.9328,0.8749,0.8059,0.7294,0.6488,0.5688,0.4887,0.4101,0.3365,0.2687,0.2183,0.1783,0.1395,0.102,0.0666,0.0364,0.0114,0.0096,0.02,0.0261,0.0307,0.0376,0.045,0.0376,0.0269,0.018,0.0117,0.0286,0.051,0.0708,0.0778,0.075,0.0642,0.0458
3.45,R:\Optics Share\Israel\PetachTekva_PRoj\output_directory\80cm_VS_6mm_YTR 41_57_MTF.bmp,V,1,0.976,0.9205,0.8607,0.7886,0.706,0.6216,0.5378,0.4595,0.3864,0.3186,0.2605,0.2094,0.1614,0.1179,0.0796,0.05,0.0286,0.0134,0.0059,0.0189,0.0357,0.046,0.0454,0.0355,0.0251,0.0257,0.0441,0.0606,0.0701,0.0686,0.0591,0.0409,0.0223,0.016,0.0229
3.45,R:\Optics Share\Israel\PetachTekva_PRoj\output_directory\80cm_VS_6mm_YTR 43_18_MTF.bmp,H,1,0.9796,0.9277,0.8679,0.7911,0.718,0.6335,0.5442,0.4638,0.3811,0.3009,0.2372,0.1866,0.141,0.1075,0.0762,0.0502,0.0267,0.011,0.0041,0.0064,0.0125,0.0206,0.0295,0.0386,0.0419,0.0398,0.0289,0.0163,0.0231,0.0327,0.0441,0.0473,0.0453,0.0408,0.0329
3.45,R:\Optics Share\Israel\PetachTekva_PRoj\output_directory\80cm_VS_6mm_YTR 52_08_MTF.bmp,H,1,0.977,0.929,0.8691,0.7963,0.7099,0.618,0.5233,0.4343,0.3612,0.285,0.2194,0.173,0.14,0.1095,0.0844,0.0593,0.0336,0.0083,0.0148,0.0268,0.0276,0.0261,0.0265,0.0309,0.0338,0.0463,0.0553,0.0568,0.0423,0.0391,0.0545,0.0586,0.0388,0.0188,0.0482
3.45,R:\Optics Share\Israel\PetachTekva_PRoj\output_directory\80cm_VS_6mm_YTR 53_58_MTF.bmp,V,1,0.9762,0.9207,0.8513,0.7749,0.703,0.6286,0.5452,0.4679,0.3901,0.3245,0.268,0.2121,0.1635,0.1154,0.0742,0.0431,0.0246,0.0149,0.0074,0.0093,0.0246,0.0358,0.0352,0.0199,0.0041,0.0188,0.0257,0.0213,0.0165,0.0269,0.0337,0.0458,0.0589,0.0577,0.0382
3.45,R:\Optics Share\Israel\PetachTekva_PRoj\output_directory\80cm_VS_6mm_YTR 65_09_MTF.bmp,H,1,0.9721,0.9066,0.8258,0.7368,0.6544,0.558,0.457,0.3697,0.2872,0.2319,0.1898,0.1429,0.1017,0.069,0.0469,0.0347,0.0275,0.0173,0.0099,0.0197,0.0284,0.0304,0.0251,0.0163,0.0118,0.0235,0.027,0.026,0.0215,0.0112,0.0256,0.0555,0.0856,0.1214,0.1515
3.45,R:\Optics Share\Israel\PetachTekva_PRoj\output_directory\80cm_VS_6mm_YTR 67_59_MTF.bmp,V,1,0.9763,0.9145,0.8497,0.7821,0.6988,0.6092,0.5312,0.4516,0.3693,0.3047,0.2418,0.1869,0.1427,0.1075,0.076,0.0514,0.0303,0.0143,0.0058,0.0158,0.0261,0.0294,0.0299,0.0316,0.0338,0.0291,0.016,0.0029,0.0195,0.0303,0.036,0.0461,0.0538,0.0569,0.0596
3.45,R:\Optics Share\Israel\PetachTekva_PRoj\output_directory\80cm_VS_6mm_YTR 74_10_MTF.bmp,H,1,0.9737,0.8998,0.8103,0.7068,0.6046,0.4999,0.3981,0.3039,0.2288,0.1745,0.1267,0.0852,0.062,0.0487,0.0388,0.0285,0.0165,0.0088,0.0068,0.0119,0.0169,0.0131,0.0036,0.0087,0.0076,0.019,0.0294,0.0316,0.0247,0.0178,0.0246,0.0428,0.0477,0.0308,0.0132
